CREATE DATABASE ods;
USE ods;

create table province(
	province_id smallint UNSIGNED PRIMARY KEY,
    name varchar(150) NOT NULL
);

CREATE TABLE city (
  province_id smallint UNSIGNED NOT NULL,
  city_id smallint unsigned NOT NULL,  
  name varchar(100) NOT NULL DEFAULT '',
  PRIMARY KEY (province_id, city_id),
  CONSTRAINT fk_province_1 FOREIGN KEY (province_id) 
  REFERENCES province(province_id) ON DELETE CASCADE  
);

INSERT INTO province (province_id, name)
VALUES
	(2,'Albacete'),
	(3,'Alicante/Alacant'),
	(4,'Almería'),
	(1,'Araba/Álava'),
	(33,'Asturias'),
	(5,'Ávila'),
	(6,'Badajoz'),
	(7,'Balears, Illes'),
	(8,'Barcelona'),
	(48,'Bizkaia'),
	(9,'Burgos'),
	(10,'Cáceres'),
	(11,'Cádiz'),
	(39,'Cantabria'),
	(12,'Castellón/Castelló'),
	(51,'Ceuta'),
	(13,'Ciudad Real'),
	(14,'Córdoba'),
	(15,'Coruña, A'),
	(16,'Cuenca'),
	(20,'Gipuzkoa'),
	(17,'Girona'),
	(18,'Granada'),
	(19,'Guadalajara'),
	(21,'Huelva'),
	(22,'Huesca'),
	(23,'Jaén'),
	(24,'León'),
	(27,'Lugo'),
	(25,'Lleida'),
	(28,'Madrid'),
	(29,'Málaga'),
	(52,'Melilla'),
	(30,'Murcia'),
	(31,'Navarra'),
	(32,'Ourense'),
	(34,'Palencia'),
	(35,'Palmas, Las'),
	(36,'Pontevedra'),
	(26,'Rioja, La'),
	(37,'Salamanca'),
	(38,'Santa Cruz de Tenerife'),
	(40,'Segovia'),
	(41,'Sevilla'),
	(42,'Soria'),
	(43,'Tarragona'),
	(44,'Teruel'),
	(45,'Toledo'),
	(46,'Valencia/València'),
	(47,'Valladolid'),
	(49,'Zamora'),
	(50,'Zaragoza');
    
    


INSERT INTO city (province_id, city_id, name)
VALUES
	(1,1,"Alegría-Dulantzi"),
	(2,1,"Abengibre"),
	(3,1,"Adsubia"),
	(4,1,"Abla"),
	(5,1,"Adanero"),
	(6,1,"Acedera"),
	(7,1,"Alaró"),
	(8,1,"Abrera"),
	(9,1,"Abajas"),
	(10,1,"Abadía"),
	(11,1,"Alcalá de los Gazules"),
	(12,1,"Atzeneta del Maestrat"),
	(13,1,"Abenójar"),
	(14,1,"Adamuz"),
	(15,1,"Abegondo"),
	(16,1,"Abia de la Obispalía"),
	(17,1,"Agullana"),
	(18,1,"Agrón"),
	(19,1,"Abánades"),
	(20,1,"Abaltzisketa"),
	(21,1,"Alájar"),
	(22,1,"Abiego"),
	(23,1,"Albanchez de Mágina"),
	(24,1,"Acebedo"),
	(25,1,"Abella de la Conca"),
	(26,1,"Ábalos"),
	(27,1,"Abadín"),
	(28,1,"Acebeda, La"),
	(29,1,"Alameda"),
	(30,1,"Abanilla"),
	(31,1,"Abáigar"),
	(32,1,"Allariz"),
	(33,1,"Allande"),
	(34,1,"Abarca de Campos"),
	(35,1,"Agaete"),
	(36,1,"Arbo"),
	(37,1,"Abusejo"),
	(38,1,"Adeje"),
	(39,1,"Alfoz de Lloredo"),
	(40,1,"Abades"),
	(41,1,"Aguadulce"),
	(42,1,"Abejar"),
	(43,1,"Aiguamúrcia"),
	(44,1,"Ababuj"),
	(45,1,"Ajofrín"),
	(46,1,"Ademuz"),
	(47,1,"Adalia"),
	(48,1,"Abadiño"),
	(50,1,"Abanto"),
	(51,1,"Ceuta"),
	(52,1,"Melilla"),
	(1,2,"Amurrio"),
	(2,2,"Alatoz"),
	(3,2,"Agost"),
	(4,2,"Abrucena"),
	(5,2,"Adrada, La"),
	(6,2,"Aceuchal"),
	(7,2,"Alaior"),
	(8,2,"Aguilar de Segarra"),
	(10,2,"Abertura"),
	(11,2,"Alcalá del Valle"),
	(12,2,"Aín"),
	(13,2,"Agudo"),
	(14,2,"Aguilar de la Frontera"),
	(15,2,"Ames"),
	(16,2,"Acebrón, El"),
	(17,2,"Aiguaviva"),
	(18,2,"Alamedilla"),
	(19,2,"Ablanque"),
	(20,2,"Aduna"),
	(21,2,"Aljaraque"),
	(22,2,"Abizanda"),
	(23,2,"Alcalá la Real"),
	(24,2,"Algadefe"),
	(25,2,"Àger"),
	(26,2,"Agoncillo"),
	(27,2,"Alfoz"),
	(28,2,"Ajalvir"),
	(29,2,"Alcaucín"),
	(30,2,"Abarán"),
	(31,2,"Abárzuza/Abartzuza"),
	(32,2,"Amoeiro"),
	(33,2,"Aller"),
	(35,2,"Agüimes"),
	(36,2,"Barro"),
	(37,2,"Agallas"),
	(38,2,"Agulo"),
	(39,2,"Ampuero"),
	(40,2,"Adrada de Pirón"),
	(41,2,"Alanís"),
	(43,2,"Albinyana"),
	(44,2,"Abejuela"),
	(45,2,"Alameda de la Sagra"),
	(46,2,"Ador"),
	(47,2,"Aguasal"),
	(48,2,"Abanto y Ciérvana-Abanto Zierbena"),
	(49,2,"Abezames"),
	(50,2,"Acered"),
	(1,3,"Aramaio"),
	(2,3,"Albacete"),
	(3,3,"Agres"),
	(4,3,"Adra"),
	(6,3,"Ahillones"),
	(7,3,"Alcúdia"),
	(8,3,"Alella"),
	(9,3,"Adrada de Haza"),
	(10,3,"Acebo"),
	(11,3,"Algar"),
	(12,3,"Albocàsser"),
	(13,3,"Alamillo"),
	(14,3,"Alcaracejos"),
	(15,3,"Aranga"),
	(16,3,"Alarcón"),
	(17,3,"Albanyà"),
	(18,3,"Albolote"),
	(19,3,"Adobes"),
	(20,3,"Aizarnazabal"),
	(21,3,"Almendro, El"),
	(22,3,"Adahuesca"),
	(23,3,"Alcaudete"),
	(24,3,"Alija del Infantado"),
	(25,3,"Agramunt"),
	(26,3,"Aguilar del Río Alhama"),
	(27,3,"Antas de Ulla"),
	(28,3,"Alameda del Valle"),
	(29,3,"Alfarnate"),
	(30,3,"Águilas"),
	(31,3,"Abaurregaina/Abaurrea Alta"),
	(32,3,"Arnoia, A"),
	(33,3,"Amieva"),
	(34,3,"Abia de las Torres"),
	(35,3,"Antigua"),
	(36,3,"Baiona"),
	(37,3,"Ahigal de los Aceiteros"),
	(38,3,"Alajeró"),
	(39,3,"Anievas"),
	(40,3,"Adrados"),
	(41,3,"Albaida del Aljarafe"),
	(42,3,"Adradas"),
	(43,3,"Albiol, L'"),
	(44,3,"Aguatón"),
	(45,3,"Albarreal de Tajo"),
	(46,3,"Atzeneta d'Albaida"),
	(47,3,"Aguilar de Campos"),
	(48,3,"Amorebieta-Etxano"),
	(49,3,"Alcañices"),
	(50,3,"Agón"),
	(1,4,"Artziniega"),
	(2,4,"Albatana"),
	(3,4,"Aigües"),
	(4,4,"Albánchez"),
	(6,4,"Alange"),
	(7,4,"Algaida"),
	(8,4,"Alpens"),
	(10,4,"Acehúche"),
	(11,4,"Algeciras"),
	(12,4,"Alcalà de Xivert"),
	(13,4,"Albaladejo"),
	(14,4,"Almedinilla"),
	(15,4,"Ares"),
	(16,4,"Albaladejo del Cuende"),
	(17,4,"Albons"),
	(18,4,"Albondón"),
	(19,4,"Alaminos"),
	(20,4,"Albiztur"),
	(21,4,"Almonaster la Real"),
	(22,4,"Agüero"),
	(23,4,"Aldeaquemada"),
	(24,4,"Almanza"),
	(25,4,"Alamús, Els"),
	(26,4,"Ajamil de Cameros"),
	(27,4,"Baleira"),
	(28,4,"Álamo, El"),
	(29,4,"Alfarnatejo"),
	(30,4,"Albudeite"),
	(31,4,"Abaurrepea/Abaurrea Baja"),
	(32,4,"Avión"),
	(33,4,"Avilés"),
	(34,4,"Aguilar de Campoo"),
	(35,4,"Arrecife"),
	(36,4,"Bueu"),
	(37,4,"Ahigal de Villarino"),
	(38,4,"Arafo"),
	(39,4,"Arenas de Iguña"),
	(40,4,"Aguilafuente"),
	(41,4,"Alcalá de Guadaíra"),
	(42,4,"Ágreda"),
	(43,4,"Alcanar"),
	(44,4,"Aguaviva"),
	(45,4,"Alcabón"),
	(46,4,"Agullent"),
	(47,4,"Alaejos"),
	(48,4,"Amoroto"),
	(49,4,"Alcubilla de Nogales"),
	(50,4,"Aguarón"),
	(2,5,"Alborea"),
	(3,5,"Albatera"),
	(4,5,"Alboloduy"),
	(5,5,"Albornos"),
	(6,5,"Albuera, La"),
	(7,5,"Andratx"),
	(8,5,"Ametlla del Vallès, L'"),
	(10,5,"Aceituna"),
	(11,5,"Algodonales"),
	(12,5,"Alcora, l'"),
	(13,5,"Alcázar de San Juan"),
	(14,5,"Almodóvar del Río"),
	(15,5,"Arteixo"),
	(16,5,"Albalate de las Nogueras"),
	(17,5,"Far d'Empordà, El"),
	(18,5,"Albuñán"),
	(19,5,"Alarilla"),
	(20,5,"Alegia"),
	(21,5,"Almonte"),
	(23,5,"Andújar"),
	(24,5,"Antigua, La"),
	(25,5,"Alàs i Cerc"),
	(26,5,"Albelda de Iregua"),
	(27,5,"Barreiros"),
	(28,5,"Alcalá de Henares"),
	(29,5,"Algarrobo"),
	(30,5,"Alcantarilla"),
	(31,5,"Aberin"),
	(32,5,"Baltar"),
	(33,5,"Belmonte de Miranda"),
	(34,5,"Alar del Rey"),
	(35,5,"Artenara"),
	(36,5,"Caldas de Reis"),
	(37,5,"Alameda de Gardón, La"),
	(38,5,"Arico"),
	(39,5,"Argoños"),
	(40,5,"Alconada de Maderuelo"),
	(41,5,"Alcalá del Río"),
	(43,5,"Alcover"),
	(44,5,"Aguilar del Alfambra"),
	(45,5,"Alcañizo"),
	(46,5,"Alaquàs"),
	(47,5,"Alcazarén"),
	(48,5,"Arakaldo"),
	(49,5,"Alfaraz de Sayago"),
	(50,5,"Aguilón"),
	(1,6,"Armiñón"),
	(2,6,"Alcadozo"),
	(3,6,"Alcalalí"),
	(4,6,"Albox"),
	(6,6,"Alburquerque"),
	(7,6,"Artà"),
	(8,6,"Arenys de Mar"),
	(9,6,"Aguas Cándidas"),
	(10,6,"Ahigal"),
	(11,6,"Arcos de la Frontera"),
	(12,6,"Alcudia de Veo"),
	(13,6,"Alcoba"),
	(14,6,"Añora"),
	(15,6,"Arzúa"),
	(16,6,"Albendea"),
	(17,6,"Alp"),
	(18,6,"Albuñol"),
	(19,6,"Albalate de Zorita"),
	(20,6,"Alkiza"),
	(21,6,"Alosno"),
	(22,6,"Aisa"),
	(23,6,"Arjona"),
	(24,6,"Ardón"),
	(25,6,"Albagés, L'"),
	(26,6,"Alberite"),
	(27,6,"Becerreá"),
	(28,6,"Alcobendas"),
	(29,6,"Algatocín"),
	(30,6,"Aledo"),
	(31,6,"Ablitas"),
	(32,6,"Bande"),
	(33,6,"Bimenes"),
	(34,6,"Alba de Cerrato"),
	(35,6,"Arucas"),
	(36,6,"Cambados"),
	(37,6,"Alamedilla, La"),
	(38,6,"Arona"),
	(39,6,"Arnuero"),
	(40,6,"Aldealcorvo"),
	(41,6,"Alcolea del Río"),
	(42,6,"Alconaba"),
	(43,6,"Aldover"),
	(44,6,"Alacón"),
	(45,6,"Alcaudete de la Jara"),
	(46,6,"Albaida"),
	(47,6,"Aldea de San Miguel"),
	(48,6,"Arantzazu"),
	(49,6,"Algodre"),
	(50,6,"Ainzón"),
	(2,7,"Alcalá del Júcar"),
	(3,7,"Alcocer de Planes"),
	(4,7,"Alcolea"),
	(5,7,"Aldeanueva de Santa Cruz"),
	(6,7,"Alconchel"),
	(7,7,"Banyalbufar"),
	(8,7,"Arenys de Munt"),
	(9,7,"Aguilar de Bureba"),
	(10,7,"Albalá"),
	(11,7,"Barbate"),
	(12,7,"Alfondeguilla"),
	(13,7,"Alcolea de Calatrava"),
	(14,7,"Baena"),
	(15,7,"Baña, A"),
	(16,7,"Alberca de Záncara, La"),
	(17,7,"Amer"),
	(18,7,"Albuñuelas"),
	(19,7,"Albares"),
	(20,7,"Altzo"),
	(21,7,"Aracena"),
	(22,7,"Albalate de Cinca"),
	(23,7,"Arjonilla"),
	(24,7,"Arganza"),
	(25,7,"Albatàrrec"),
	(26,7,"Alcanadre"),
	(27,7,"Begonte"),
	(28,7,"Alcorcón"),
	(29,7,"Alhaurín de la Torre"),
	(30,7,"Alguazas"),
	(31,7,"Adiós"),
	(32,7,"Baños de Molgas"),
	(33,7,"Boal"),
	(35,7,"Betancuria"),
	(36,7,"Campo Lameiro"),
	(37,7,"Alaraz"),
	(38,7,"Barlovento"),
	(39,7,"Arredondo"),
	(40,7,"Aldealengua de Pedraza"),
	(41,7,"Algaba, La"),
	(42,7,"Alcubilla de Avellaneda"),
	(43,7,"Aleixar, L'"),
	(44,7,"Alba"),
	(45,7,"Alcolea de Tajo"),
	(46,7,"Albal"),
	(47,7,"Aldeamayor de San Martín"),
	(48,7,"Munitibar-Arbatzegi Gerrikaitz"),
	(49,7,"Almaraz de Duero"),
	(50,7,"Aladrén"),
	(1,8,"Arrazua-Ubarrundia"),
	(2,8,"Alcaraz"),
	(3,8,"Alcoleja"),
	(4,8,"Alcóntar"),
	(5,8,"Aldeaseca"),
	(6,8,"Alconera"),
	(7,8,"Binissalem"),
	(8,8,"Argençola"),
	(10,8,"Alcántara"),
	(11,8,"Barrios, Los"),
	(12,8,"Algimia de Almonacid"),
	(13,8,"Alcubillas"),
	(14,8,"Belalcázar"),
	(15,8,"Bergondo"),
	(16,8,"Alcalá de la Vega"),
	(17,8,"Anglès"),
	(19,8,"Albendiego"),
	(20,8,"Amezketa"),
	(21,8,"Aroche"),
	(22,8,"Albalatillo"),
	(23,8,"Arquillos"),
	(24,8,"Astorga"),
	(25,8,"Albesa"),
	(26,8,"Aldeanueva de Ebro"),
	(27,8,"Bóveda"),
	(28,8,"Aldea del Fresno"),
	(29,8,"Alhaurín el Grande"),
	(30,8,"Alhama de Murcia"),
	(31,8,"Aguilar de Codés"),
	(32,8,"Barbadás"),
	(33,8,"Cabrales"),
	(35,8,"Firgas"),
	(36,8,"Cangas"),
	(37,8,"Alba de Tormes"),
	(38,8,"Breña Alta"),
	(39,8,"Astillero, El"),
	(40,8,"Aldealengua de Santa María"),
	(41,8,"Algámitas"),
	(42,8,"Alcubilla de las Peñas"),
	(43,8,"Alfara de Carles"),
	(44,8,"Albalate del Arzobispo"),
	(45,8,"Aldea en Cabo"),
	(46,8,"Albalat de la Ribera"),
	(47,8,"Almenara de Adaja"),
	(48,8,"Artzentales"),
	(49,8,"Almeida de Sayago"),
	(50,8,"Alagón"),
	(1,9,"Asparrena"),
	(2,9,"Almansa"),
	(3,9,"Alcoy/Alcoi"),
	(4,9,"Alcudia de Monteagud"),
	(6,9,"Aljucén"),
	(7,9,"Búger"),
	(8,9,"Argentona"),
	(9,9,"Albillos"),
	(10,9,"Alcollarín"),
	(11,9,"Benaocaz"),
	(12,9,"Almazora/Almassora"),
	(13,9,"Aldea del Rey"),
	(14,9,"Belmez"),
	(15,9,"Betanzos"),
	(16,9,"Alcantud"),
	(17,9,"Arbúcies"),
	(19,9,"Alcocer"),
	(20,9,"Andoain"),
	(21,9,"Arroyomolinos de León"),
	(22,9,"Albelda"),
	(23,9,"Baeza"),
	(24,9,"Balboa"),
	(25,9,"Albi, L'"),
	(26,9,"Alesanco"),
	(27,9,"Carballedo"),
	(28,9,"Algete"),
	(29,9,"Almáchar"),
	(30,9,"Archena"),
	(31,9,"Aibar/Oibar"),
	(32,9,"Barco de Valdeorras, O"),
	(33,9,"Cabranes"),
	(34,9,"Amayuelas de Arriba"),
	(35,9,"Gáldar"),
	(36,9,"Cañiza, A"),
	(37,9,"Alba de Yeltes"),
	(38,9,"Breña Baja"),
	(39,9,"Bárcena de Cicero"),
	(40,9,"Aldeanueva de la Serrezuela"),
	(41,9,"Almadén de la Plata"),
	(42,9,"Aldealafuente"),
	(43,9,"Alforja"),
	(44,9,"Albarracín"),
	(45,9,"Aldeanueva de Barbarroya"),
	(46,9,"Albalat dels Sorells"),
	(47,9,"Amusquillo"),
	(48,9,"Arrankudiaga"),
	(49,9,"Andavías"),
	(50,9,"Alarba"),
	(1,10,"Ayala/Aiara"),
	(2,10,"Alpera"),
	(3,10,"Alfafara"),
	(4,10,"Alhabia"),
	(5,10,"Aldehuela, La"),
	(6,10,"Almendral"),
	(7,10,"Bunyola"),
	(8,10,"Artés"),
	(9,10,"Alcocero de Mola"),
	(10,10,"Alcuéscar"),
	(11,10,"Bornos"),
	(12,10,"Almedíjar"),
	(13,10,"Alhambra"),
	(14,10,"Benamejí"),
	(15,10,"Boimorto"),
	(16,10,"Alcázar del Rey"),
	(17,10,"Argelaguer"),
	(18,10,"Aldeire"),
	(19,10,"Alcolea de las Peñas"),
	(20,10,"Anoeta"),
	(21,10,"Ayamonte"),
	(23,10,"Bailén"),
	(24,10,"Bañeza, La"),
	(25,10,"Alcanó"),
	(26,10,"Alesón"),
	(27,10,"Castro de Rei"),
	(28,10,"Alpedrete"),
	(29,10,"Almargen"),
	(30,10,"Beniel"),
	(31,10,"Altsasu/Alsasua"),
	(32,10,"Beade"),
	(33,10,"Candamo"),
	(34,10,"Ampudia"),
	(35,10,"Haría"),
	(36,10,"Catoira"),
	(37,10,"Alberca, La"),
	(38,10,"Buenavista del Norte"),
	(39,10,"Bárcena de Pie de Concha"),
	(40,10,"Aldeanueva del Codonal"),
	(41,10,"Almensilla"),
	(42,10,"Aldealices"),
	(43,10,"Alió"),
	(44,10,"Albentosa"),
	(45,10,"Aldeanueva de San Bartolomé"),
	(46,10,"Albalat dels Tarongers"),
	(47,10,"Arroyo de la Encomienda"),
	(48,10,"Arrieta"),
	(49,10,"Arcenillas"),
	(50,10,"Alberite de San Juan"),
	(1,11,"Baños de Ebro/Mañueta"),
	(2,11,"Ayna"),
	(3,11,"Alfàs del Pi, l'"),
	(4,11,"Alhama de Almería"),
	(6,11,"Almendralejo"),
	(7,11,"Calvià"),
	(8,11,"Avià"),
	(9,11,"Alfoz de Bricia"),
	(10,11,"Aldeacentenera"),
	(11,11,"Bosque, El"),
	(12,11,"Almenara"),
	(13,11,"Almadén"),
	(14,11,"Blázquez, Los"),
	(15,11,"Boiro"),
	(16,11,"Alcohujate"),
	(17,11,"Armentera, L'"),
	(18,11,"Alfacar"),
	(19,11,"Alcolea del Pinar"),
	(20,11,"Antzuola"),
	(21,11,"Beas"),
	(22,11,"Albero Alto"),
	(23,11,"Baños de la Encina"),
	(24,11,"Barjas"),
	(25,11,"Alcarràs"),
	(26,11,"Alfaro"),
	(27,11,"Castroverde"),
	(28,11,"Ambite"),
	(29,11,"Almogía"),
	(30,11,"Blanca"),
	(31,11,"Allín/Allin"),
	(32,11,"Beariz"),
	(33,11,"Cangas del Narcea"),
	(34,11,"Amusco"),
	(35,11,"Ingenio"),
	(36,11,"Cerdedo"),
	(37,11,"Alberguería de Argañán, La"),
	(38,11,"Candelaria"),
	(39,11,"Bareyo"),
	(41,11,"Arahal"),
	(42,11,"Aldealpozo"),
	(43,11,"Almoster"),
	(44,11,"Alcaine"),
	(45,11,"Almendral de la Cañada"),
	(46,11,"Alberic"),
	(47,11,"Ataquines"),
	(48,11,"Arrigorriaga"),
	(49,11,"Arcos de la Polvorosa"),
	(50,11,"Albeta"),
	(2,12,"Balazote"),
	(3,12,"Algorfa"),
	(4,12,"Alicún"),
	(5,12,"Amavida"),
	(6,12,"Arroyo de San Serván"),
	(7,12,"Campanet"),
	(8,12,"Avinyó"),
	(9,12,"Alfoz de Santa Gadea"),
	(10,12,"Aldea del Cano"),
	(11,12,"Cádiz"),
	(12,12,"Altura"),
	(13,12,"Almadenejos"),
	(14,12,"Bujalance"),
	(15,12,"Boqueixón"),
	(16,12,"Alconchel de la Estrella"),
	(17,12,"Avinyonet de Puigventós"),
	(18,12,"Algarinejo"),
	(20,12,"Arama"),
	(21,12,"Berrocal"),
	(22,12,"Albero Bajo"),
	(23,12,"Beas de Segura"),
	(24,12,"Barrios de Luna, Los"),
	(25,12,"Alcoletge"),
	(26,12,"Almarza de Cameros"),
	(27,12,"Cervantes"),
	(28,12,"Anchuelo"),
	(29,12,"Álora"),
	(30,12,"Bullas"),
	(31,12,"Allo"),
	(32,12,"Blancos, Os"),
	(33,12,"Cangas de Onís"),
	(34,12,"Antigüedad"),
	(35,12,"Mogán"),
	(36,12,"Cotobade"),
	(37,12,"Alconada"),
	(38,12,"Fasnia"),
	(39,12,"Cabezón de la Sal"),
	(40,12,"Aldea Real"),
	(41,12,"Aznalcázar"),
	(42,12,"Aldealseñor"),
	(43,12,"Altafulla"),
	(44,12,"Alcalá de la Selva"),
	(45,12,"Almonacid de Toledo"),
	(46,12,"Alborache"),
	(47,12,"Bahabón"),
	(48,12,"Bakio"),
	(49,12,"Argañín"),
	(50,12,"Alborge"),
	(1,13,"Barrundia"),
	(2,13,"Balsa de Ves"),
	(3,13,"Algueña"),
	(4,13,"Almería"),
	(5,13,"Arenal, El"),
	(6,13,"Atalaya"),
	(7,13,"Campos"),
	(8,13,"Avinyonet del Penedès"),
	(9,13,"Altable"),
	(10,13,"Aldea del Obispo, La"),
	(11,13,"Castellar de la Frontera"),
	(12,13,"Arañuel"),
	(13,13,"Almagro"),
	(14,13,"Cabra"),
	(15,13,"Brión"),
	(16,13,"Algarra"),
	(17,13,"Begur"),
	(18,13,"Alhama de Granada"),
	(19,13,"Alcoroches"),
	(20,13,"Aretxabaleta"),
	(21,13,"Bollullos Par del Condado"),
	(22,13,"Alberuela de Tubo"),
	(25,13,"Alfarràs"),
	(26,13,"Anguciana"),
	(27,13,"Cervo"),
	(28,13,"Aranjuez"),
	(29,13,"Alozaina"),
	(30,13,"Calasparra"),
	(31,13,"Améscoa Baja"),
	(32,13,"Boborás"),
	(33,13,"Caravia"),
	(35,13,"Moya"),
	(36,13,"Covelo"),
	(37,13,"Aldeacipreste"),
	(38,13,"Frontera"),
	(39,13,"Cabezón de Liébana"),
	(40,13,"Aldeasoña"),
	(41,13,"Aznalcóllar"),
	(42,13,"Aldehuela de Periáñez"),
	(43,13,"Ametlla de Mar, L'"),
	(44,13,"Alcañiz"),
	(45,13,"Almorox"),
	(46,13,"Alboraya"),
	(47,13,"Barcial de la Loma"),
	(48,13,"Barakaldo"),
	(49,13,"Argujillo"),
	(50,13,"Alcalá de Ebro"),
	(1,14,"Berantevilla"),
	(2,14,"Ballestero, El"),
	(3,14,"Alicante/Alacant"),
	(4,14,"Almócita"),
	(5,14,"Arenas de San Pedro"),
	(6,14,"Azuaga"),
	(7,14,"Capdepera"),
	(8,14,"Aiguafreda"),
	(9,14,"Altos, Los"),
	(10,14,"Aldeanueva de la Vera"),
	(11,14,"Conil de la Frontera"),
	(12,14,"Ares del Maestrat"),
	(13,14,"Almedina"),
	(14,14,"Cañete de las Torres"),
	(15,14,"Cabana de Bergantiños"),
	(16,14,"Aliaguilla"),
	(17,14,"Vajol, La"),
	(18,14,"Alhendín"),
	(20,14,"Asteasu"),
	(21,14,"Bonares"),
	(22,14,"Alcalá de Gurrea"),
	(23,14,"Begíjar"),
	(24,14,"Bembibre"),
	(25,14,"Alfés"),
	(26,14,"Anguiano"),
	(27,14,"Corgo, O"),
	(28,14,"Arganda del Rey"),
	(29,14,"Alpandeire"),
	(30,14,"Campos del Río"),
	(31,14,"Ancín/Antzin"),
	(32,14,"Bola, A"),
	(33,14,"Carreño"),
	(35,14,"Oliva, La"),
	(36,14,"Crecente"),
	(37,14,"Aldeadávila de la Ribera"),
	(38,14,"Fuencaliente de la Palma"),
	(39,14,"Cabuérniga"),
	(40,14,"Aldehorno"),
	(41,14,"Badolatosa"),
	(42,14,"Aldehuelas, Las"),
	(43,14,"Amposta"),
	(44,14,"Alcorisa"),
	(45,14,"Añover de Tajo"),
	(46,14,"Albuixech"),
	(47,14,"Barruelo del Valle"),
	(48,14,"Barrika"),
	(49,14,"Arquillinos"),
	(50,14,"Alcalá de Moncayo"),
	(2,15,"Barrax"),
	(3,15,"Almoradí"),
	(4,15,"Alsodux"),
	(5,15,"Arevalillo"),
	(6,15,"Badajoz"),
	(7,15,"Ciutadella de Menorca"),
	(8,15,"Badalona"),
	(10,15,"Aldeanueva del Camino"),
	(11,15,"Chiclana de la Frontera"),
	(12,15,"Argelita"),
	(13,15,"Almodóvar del Campo"),
	(14,15,"Carcabuey"),
	(15,15,"Cabanas"),
	(16,15,"Almarcha, La"),
	(17,15,"Banyoles"),
	(18,15,"Alicún de Ortega"),
	(19,15,"Aldeanueva de Guadalajara"),
	(20,15,"Ataun"),
	(21,15,"Cabezas Rubias"),
	(22,15,"Alcalá del Obispo"),
	(23,15,"Bélmez de la Moraleda"),
	(24,15,"Benavides"),
	(25,15,"Algerri"),
	(26,15,"Arenzana de Abajo"),
	(27,15,"Cospeito"),
	(28,15,"Arroyomolinos"),
	(29,15,"Antequera"),
	(30,15,"Caravaca de la Cruz"),
	(31,15,"Andosilla"),
	(32,15,"Bolo, O"),
	(33,15,"Caso"),
	(34,15,"Arconada"),
	(35,15,"Pájara"),
	(36,15,"Cuntis"),
	(37,15,"Aldea del Obispo"),
	(38,15,"Garachico"),
	(39,15,"Camaleño"),
	(40,15,"Aldehuela del Codonal"),
	(41,15,"Benacazón"),
	(42,15,"Alentisque"),
	(43,15,"Arbolí"),
	(45,15,"Arcicóllar"),
	(46,15,"Alcàsser"),
	(47,15,"Becilla de Valderaduey"),
	(48,15,"Basauri"),
	(49,15,"Arrabalde"),
	(50,15,"Alconchel de Ariza"),
	(1,16,"Bernedo"),
	(2,16,"Bienservida"),
	(3,16,"Almudaina"),
	(4,16,"Antas"),
	(5,16,"Arévalo"),
	(6,16,"Barcarrota"),
	(7,16,"Consell"),
	(8,16,"Bagà"),
	(9,16,"Ameyugo"),
	(10,16,"Aldehuela de Jerte"),
	(11,16,"Chipiona"),
	(12,16,"Artana"),
	(13,16,"Almuradiel"),
	(14,16,"Cardeña"),
	(15,16,"Camariñas"),
	(16,16,"Almendros"),
	(17,16,"Bàscara"),
	(18,16,"Almegíjar"),
	(19,16,"Algar de Mesa"),
	(20,16,"Aia"),
	(21,16,"Cala"),
	(22,16,"Alcampell"),
	(23,16,"Benatae"),
	(24,16,"Benuza"),
	(25,16,"Alguaire"),
	(26,16,"Arenzana de Arriba"),
	(27,16,"Chantada"),
	(28,16,"Atazar, El"),
	(29,16,"Árchez"),
	(30,16,"Cartagena"),
	(31,16,"Ansoáin/Antsoain"),
	(32,16,"Calvos de Randín"),
	(33,16,"Castrillón"),
	(35,16,"Palmas de Gran Canaria, Las"),
	(36,16,"Dozón"),
	(37,16,"Aldealengua"),
	(38,16,"Garafía"),
	(39,16,"Camargo"),
	(40,16,"Aldeonte"),
	(41,16,"Bollullos de la Mitación"),
	(42,16,"Aliud"),
	(43,16,"Arboç, L'"),
	(44,16,"Alfambra"),
	(45,16,"Argés"),
	(46,16,"Alcàntera de Xúquer"),
	(47,16,"Benafarces"),
	(48,16,"Berango"),
	(49,16,"Aspariegos"),
	(50,16,"Aldehuela de Liestos"),
	(1,17,"Campezo/Kanpezu"),
	(2,17,"Bogarra"),
	(3,17,"Alqueria d'Asnar, l'"),
	(4,17,"Arboleas"),
	(5,17,"Aveinte"),
	(6,17,"Baterno"),
	(7,17,"Costitx"),
	(8,17,"Balenyà"),
	(9,17,"Anguix"),
	(10,17,"Alía"),
	(11,17,"Espera"),
	(12,17,"Ayódar"),
	(13,17,"Anchuras"),
	(14,17,"Carlota, La"),
	(15,17,"Cambre"),
	(16,17,"Almodóvar del Pinar"),
	(18,17,"Almuñécar"),
	(19,17,"Algora"),
	(20,17,"Azkoitia"),
	(21,17,"Calañas"),
	(22,17,"Alcolea de Cinca"),
	(23,17,"Cabra del Santo Cristo"),
	(24,17,"Bercianos del Páramo"),
	(25,17,"Alins"),
	(26,17,"Arnedillo"),
	(27,17,"Folgoso do Courel"),
	(28,17,"Batres"),
	(29,17,"Archidona"),
	(30,17,"Cehegín"),
	(31,17,"Anue"),
	(32,17,"Carballeda de Valdeorras"),
	(33,17,"Castropol"),
	(34,17,"Astudillo"),
	(35,17,"Puerto del Rosario"),
	(36,17,"Estrada, A"),
	(37,17,"Aldeanueva de Figueroa"),
	(38,17,"Granadilla de Abona"),
	(39,17,"Campoo de Yuso"),
	(40,17,"Anaya"),
	(41,17,"Bormujos"),
	(42,17,"Almajano"),
	(43,17,"Argentera, L'"),
	(44,17,"Aliaga"),
	(45,17,"Azután"),
	(46,17,"Alzira"),
	(47,17,"Bercero"),
	(48,17,"Bermeo"),
	(49,17,"Asturianos"),
	(50,17,"Alfajarín"),
	(1,18,"Zigoitia"),
	(2,18,"Bonete"),
	(3,18,"Altea"),
	(4,18,"Armuña de Almanzora"),
	(5,18,"Avellaneda"),
	(6,18,"Benquerencia de la Serena"),
	(7,18,"Deyá"),
	(8,18,"Balsareny"),
	(9,18,"Aranda de Duero"),
	(10,18,"Aliseda"),
	(11,18,"Gastor, El"),
	(12,18,"Azuébar"),
	(13,18,"Arenas de San Juan"),
	(14,18,"Carpio, El"),
	(15,18,"Capela, A"),
	(16,18,"Almonacid del Marquesado"),
	(17,18,"Bellcaire d'Empordà"),
	(18,18,"Alquife"),
	(19,18,"Alhóndiga"),
	(20,18,"Azpeitia"),
	(21,18,"Campillo, El"),
	(22,18,"Alcubierre"),
	(23,18,"Cambil"),
	(24,18,"Bercianos del Real Camino"),
	(26,18,"Arnedo"),
	(27,18,"Fonsagrada, A"),
	(28,18,"Becerril de la Sierra"),
	(29,18,"Ardales"),
	(30,18,"Ceutí"),
	(31,18,"Añorbe"),
	(32,18,"Carballeda de Avia"),
	(33,18,"Coaña"),
	(34,18,"Autilla del Pino"),
	(35,18,"San Bartolomé"),
	(36,18,"Forcarei"),
	(37,18,"Aldeanueva de la Sierra"),
	(38,18,"Guancha, La"),
	(39,18,"Cartes"),
	(40,18,"Añe"),
	(41,18,"Brenes"),
	(42,18,"Almaluez"),
	(43,18,"Arnes"),
	(44,18,"Almohaja"),
	(45,18,"Barcience"),
	(46,18,"Alcublas"),
	(47,18,"Berceruelo"),
	(48,18,"Berriatua"),
	(49,18,"Ayoó de Vidriales"),
	(50,18,"Alfamén"),
	(1,19,"Kripan"),
	(2,19,"Bonillo, El"),
	(3,19,"Aspe"),
	(4,19,"Bacares"),
	(5,19,"Ávila"),
	(6,19,"Berlanga"),
	(7,19,"Escorca"),
	(8,19,"Barcelona"),
	(9,19,"Arandilla"),
	(10,19,"Almaraz"),
	(11,19,"Grazalema"),
	(13,19,"Argamasilla de Alba"),
	(14,19,"Castro del Río"),
	(15,19,"Carballo"),
	(16,19,"Altarejos"),
	(17,19,"Besalú"),
	(19,19,"Alique"),
	(20,19,"Beasain"),
	(21,19,"Campofrío"),
	(22,19,"Alerre"),
	(23,19,"Campillo de Arenas"),
	(24,19,"Berlanga del Bierzo"),
	(25,19,"Almacelles"),
	(26,19,"Arrúbal"),
	(27,19,"Foz"),
	(28,19,"Belmonte de Tajo"),
	(29,19,"Arenas"),
	(30,19,"Cieza"),
	(31,19,"Aoiz/Agoitz"),
	(32,19,"Carballiño, O"),
	(33,19,"Colunga"),
	(34,19,"Autillo de Campos"),
	(35,19,"San Bartolomé de Tirajana"),
	(36,19,"Fornelos de Montes"),
	(37,19,"Aldearrodrigo"),
	(38,19,"Guía de Isora"),
	(39,19,"Castañeda"),
	(40,19,"Arahuetes"),
	(41,19,"Burguillos"),
	(42,19,"Almarza"),
	(43,19,"Ascó"),
	(44,19,"Alobras"),
	(45,19,"Bargas"),
	(46,19,"Alcúdia, l'"),
	(47,19,"Berrueces"),
	(48,19,"Berriz"),
	(49,19,"Barcial del Barco"),
	(50,19,"Alforque"),
	(1,20,"Kuartango"),
	(2,20,"Carcelén"),
	(3,20,"Balones"),
	(4,20,"Bayárcal"),
	(6,20,"Bienvenida"),
	(7,20,"Esporles"),
	(8,20,"Begues"),
	(9,20,"Arauzo de Miel"),
	(10,20,"Almoharín"),
	(11,20,"Jerez de la Frontera"),
	(12,20,"Barracas"),
	(13,20,"Argamasilla de Calatrava"),
	(14,20,"Conquista"),
	(15,20,"Carnota"),
	(16,20,"Arandilla del Arroyo"),
	(17,20,"Bescanó"),
	(18,20,"Arenas del Rey"),
	(19,20,"Almadrones"),
	(20,20,"Beizama"),
	(21,20,"Cañaveral de León"),
	(22,20,"Alfántega"),
	(23,20,"Canena"),
	(24,20,"Boca de Huérgano"),
	(25,20,"Almatret"),
	(26,20,"Ausejo"),
	(27,20,"Friol"),
	(28,20,"Berzosa del Lozoya"),
	(29,20,"Arriate"),
	(30,20,"Fortuna"),
	(31,20,"Araitz"),
	(32,20,"Cartelle"),
	(33,20,"Corvera de Asturias"),
	(34,20,"Ayuela"),
	(35,20,"Aldea de San Nicolás, La"),
	(36,20,"Agolada"),
	(37,20,"Aldearrubia"),
	(38,20,"Güímar"),
	(39,20,"Castro-Urdiales"),
	(40,20,"Arcones"),
	(41,20,"Cabezas de San Juan, Las"),
	(42,20,"Almazán"),
	(43,20,"Banyeres del Penedès"),
	(44,20,"Alpeñés"),
	(45,20,"Belvís de la Jara"),
	(46,20,"Alcúdia de Crespins, l'"),
	(47,20,"Bobadilla del Campo"),
	(48,20,"Bilbao"),
	(49,20,"Belver de los Montes"),
	(50,20,"Alhama de Aragón"),
	(1,21,"Elburgo/Burgelu"),
	(2,21,"Casas de Juan Núñez"),
	(3,21,"Banyeres de Mariola"),
	(4,21,"Bayarque"),
	(5,21,"Barco de Ávila, El"),
	(6,21,"Bodonal de la Sierra"),
	(7,21,"Estellencs"),
	(8,21,"Bellprat"),
	(9,21,"Arauzo de Salce"),
	(10,21,"Arroyo de la Luz"),
	(11,21,"Jimena de la Frontera"),
	(12,21,"Betxí"),
	(13,21,"Arroba de los Montes"),
	(14,21,"Córdoba"),
	(15,21,"Carral"),
	(17,21,"Beuda"),
	(18,21,"Armilla"),
	(19,21,"Almoguera"),
	(20,21,"Belauntza"),
	(21,21,"Cartaya"),
	(22,21,"Almudévar"),
	(23,21,"Carboneros"),
	(24,21,"Boñar"),
	(25,21,"Almenar"),
	(26,21,"Autol"),
	(27,21,"Xermade"),
	(28,21,"Berrueco, El"),
	(29,21,"Atajate"),
	(30,21,"Fuente Álamo de Murcia"),
	(31,21,"Aranarache/Aranaratxe"),
	(32,21,"Castrelo do Val"),
	(33,21,"Cudillero"),
	(35,21,"Santa Brígida"),
	(36,21,"Gondomar"),
	(37,21,"Aldeaseca de Alba"),
	(38,21,"Hermigua"),
	(39,21,"Cieza"),
	(40,21,"Arevalillo de Cega"),
	(41,21,"Camas"),
	(42,21,"Almazul"),
	(43,21,"Barberà de la Conca"),
	(44,21,"Allepuz"),
	(45,21,"Borox"),
	(46,21,"Aldaia"),
	(47,21,"Bocigas"),
	(48,21,"Busturia"),
	(49,21,"Benavente"),
	(50,21,"Almochuel"),
	(1,22,"Elciego"),
	(2,22,"Casas de Lázaro"),
	(3,22,"Benasau"),
	(4,22,"Bédar"),
	(5,22,"Barraco, El"),
	(6,22,"Burguillos del Cerro"),
	(7,22,"Felanitx"),
	(8,22,"Berga"),
	(9,22,"Arauzo de Torre"),
	(10,22,"Arroyomolinos de la Vera"),
	(11,22,"Línea de la Concepción, La"),
	(12,22,"Bejís"),
	(13,22,"Ballesteros de Calatrava"),
	(14,22,"Doña Mencía"),
	(15,22,"Cedeira"),
	(16,22,"Arcos de la Sierra"),
	(17,22,"Bisbal d'Empordà, La"),
	(18,22,"Atarfe"),
	(19,22,"Almonacid de Zorita"),
	(20,22,"Berastegi"),
	(21,22,"Castaño del Robledo"),
	(22,22,"Almunia de San Juan"),
	(24,22,"Borrenes"),
	(25,22,"Alòs de Balaguer"),
	(26,22,"Azofra"),
	(27,22,"Guitiriz"),
	(28,22,"Boadilla del Monte"),
	(29,22,"Benadalid"),
	(30,22,"Jumilla"),
	(31,22,"Arantza"),
	(32,22,"Castrelo de Miño"),
	(33,22,"Degaña"),
	(34,22,"Baltanás"),
	(35,22,"Santa Lucía de Tirajana"),
	(36,22,"Grove, O"),
	(37,22,"Aldeaseca de la Frontera"),
	(38,22,"Icod de los Vinos"),
	(39,22,"Cillorigo de Liébana"),
	(40,22,"Armuña"),
	(41,22,"Campana, La"),
	(42,22,"Almenar de Soria"),
	(43,22,"Batea"),
	(44,22,"Alloza"),
	(45,22,"Buenaventura"),
	(46,22,"Alfafar"),
	(47,22,"Bocos de Duero"),
	(48,22,"Karrantza Harana/Valle de Carranza"),
	(49,22,"Benegiles"),
	(50,22,"Almolda, La"),
	(1,23,"Elvillar/Bilar"),
	(2,23,"Casas de Ves"),
	(3,23,"Beneixama"),
	(4,23,"Beires"),
	(5,23,"Barromán"),
	(6,23,"Cabeza del Buey"),
	(7,23,"Ferreries"),
	(8,23,"Bigues i Riells"),
	(9,23,"Arcos"),
	(10,23,"Arroyomolinos"),
	(11,23,"Medina-Sidonia"),
	(13,23,"Bolaños de Calatrava"),
	(14,23,"Dos Torres"),
	(15,23,"Cee"),
	(16,23,"Chillarón de Cuenca"),
	(17,23,"Blanes"),
	(18,23,"Baza"),
	(19,23,"Alocén"),
	(20,23,"Berrobi"),
	(21,23,"Cerro de Andévalo, El"),
	(22,23,"Almuniente"),
	(24,23,"Brazuelo"),
	(25,23,"Alpicat"),
	(26,23,"Badarán"),
	(27,23,"Guntín"),
	(28,23,"Boalo, El"),
	(29,23,"Benahavís"),
	(30,23,"Librilla"),
	(31,23,"Aranguren"),
	(32,23,"Castro Caldelas"),
	(33,23,"Franco, El"),
	(34,23,"Venta de Baños"),
	(35,23,"Santa María de Guía de Gran Canaria"),
	(36,23,"Guarda, A"),
	(37,23,"Aldeatejada"),
	(38,23,"San Cristóbal de La Laguna"),
	(39,23,"Colindres"),
	(41,23,"Cantillana"),
	(42,23,"Alpanseque"),
	(43,23,"Bellmunt del Priorat"),
	(44,23,"Allueva"),
	(45,23,"Burguillos de Toledo"),
	(46,23,"Alfauir"),
	(47,23,"Boecillo"),
	(48,23,"Artea"),
	(49,23,"Bermillo de Sayago"),
	(50,23,"Almonacid de la Cuba"),
	(2,24,"Casas-Ibáñez"),
	(3,24,"Benejúzar"),
	(4,24,"Benahadux"),
	(5,24,"Becedas"),
	(6,24,"Cabeza la Vaca"),
	(7,24,"Formentera"),
	(8,24,"Borredà"),
	(9,24,"Arenillas de Riopisuerga"),
	(10,24,"Baños de Montemayor"),
	(11,24,"Olvera"),
	(12,24,"Benafer"),
	(13,24,"Brazatortas"),
	(14,24,"Encinas Reales"),
	(15,24,"Cerceda"),
	(16,24,"Arguisuelas"),
	(17,24,"Bolvir"),
	(18,24,"Beas de Granada"),
	(19,24,"Alovera"),
	(20,24,"Bidegoian"),
	(21,24,"Corteconcepción"),
	(22,24,"Alquézar"),
	(23,24,"Carolina, La"),
	(24,24,"Burgo Ranero, El"),
	(25,24,"Alt Àneu"),
	(26,24,"Bañares"),
	(27,24,"Incio, O"),
	(28,24,"Braojos"),
	(29,24,"Benalauría"),
	(30,24,"Lorca"),
	(31,24,"Arano"),
	(32,24,"Celanova"),
	(33,24,"Gijón"),
	(34,24,"Baquerín de Campos"),
	(35,24,"Teguise"),
	(36,24,"Lalín"),
	(37,24,"Aldeavieja de Tormes"),
	(38,24,"Llanos de Aridane, Los"),
	(39,24,"Comillas"),
	(40,24,"Ayllón"),
	(41,24,"Carmona"),
	(42,24,"Arancón"),
	(43,24,"Bellvei"),
	(44,24,"Anadón"),
	(45,24,"Burujón"),
	(46,24,"Alfara de la Baronia"),
	(47,24,"Bolaños de Campos"),
	(48,24,"Zeanuri"),
	(49,24,"Bóveda de Toro, La"),
	(50,24,"Almonacid de la Sierra"),
	(2,25,"Caudete"),
	(3,25,"Benferri"),
	(5,25,"Becedillas"),
	(6,25,"Calamonte"),
	(7,25,"Fornalutx"),
	(8,25,"Bruc, El"),
	(9,25,"Arija"),
	(10,25,"Barrado"),
	(11,25,"Paterna de Rivera"),
	(12,25,"Benafigos"),
	(13,25,"Cabezarados"),
	(14,25,"Espejo"),
	(15,25,"Cerdido"),
	(16,25,"Arrancacepas"),
	(17,25,"Bordils"),
	(18,25,"Beas de Guadix"),
	(20,25,"Zegama"),
	(21,25,"Cortegana"),
	(22,25,"Altorricón"),
	(23,25,"Castellar"),
	(24,25,"Burón"),
	(25,25,"Naut Aran"),
	(26,25,"Baños de Rioja"),
	(27,25,"Xove"),
	(28,25,"Brea de Tajo"),
	(29,25,"Benalmádena"),
	(30,25,"Lorquí"),
	(31,25,"Arakil"),
	(32,25,"Cenlle"),
	(33,25,"Gozón"),
	(34,25,"Bárcena de Campos"),
	(35,25,"Tejeda"),
	(36,25,"Lama, A"),
	(37,25,"Aldehuela de la Bóveda"),
	(38,25,"Matanza de Acentejo, La"),
	(39,25,"Corrales de Buelna, Los"),
	(40,25,"Barbolla"),
	(41,25,"Carrión de los Céspedes"),
	(42,25,"Arcos de Jalón"),
	(43,25,"Benifallet"),
	(44,25,"Andorra"),
	(45,25,"Cabañas de la Sagra"),
	(46,25,"Alfara del Patriarca"),
	(47,25,"Brahojos de Medina"),
	(48,25,"Zeberio"),
	(49,25,"Bretó"),
	(50,25,"Almunia de Doña Godina, La"),
	(2,26,"Cenizate"),
	(3,26,"Beniarbeig"),
	(4,26,"Benitagla"),
	(5,26,"Bercial de Zapardiel"),
	(6,26,"Calera de León"),
	(7,26,"Eivissa"),
	(8,26,"Brull, El"),
	(9,26,"Arlanzón"),
	(10,26,"Belvís de Monroy"),
	(11,26,"Prado del Rey"),
	(12,26,"Benasal"),
	(13,26,"Cabezarrubias del Puerto"),
	(14,26,"Espiel"),
	(15,26,"Cesuras"),
	(16,26,"Atalaya del Cañavate"),
	(17,26,"Borrassà"),
	(20,26,"Zerain"),
	(21,26,"Cortelazor"),
	(23,26,"Castillo de Locubín"),
	(24,26,"Bustillo del Páramo"),
	(26,26,"Baños de Río Tobía"),
	(27,26,"Láncara"),
	(28,26,"Brunete"),
	(29,26,"Benamargosa"),
	(30,26,"Mazarrón"),
	(31,26,"Aras"),
	(32,26,"Coles"),
	(33,26,"Grado"),
	(35,26,"Telde"),
	(36,26,"Marín"),
	(37,26,"Aldehuela de Yeltes"),
	(38,26,"Orotava, La"),
	(39,26,"Corvera de Toranzo"),
	(40,26,"Basardilla"),
	(41,26,"Casariche"),
	(42,26,"Arenillas"),
	(43,26,"Benissanet"),
	(44,26,"Arcos de las Salinas"),
	(45,26,"Cabañas de Yepes"),
	(46,26,"Alfarp"),
	(47,26,"Bustillo de Chaves"),
	(48,26,"Dima"),
	(49,26,"Bretocino"),
	(50,26,"Alpartir"),
	(1,27,"Iruraiz-Gauna"),
	(2,27,"Corral-Rubio"),
	(3,27,"Beniardá"),
	(4,27,"Benizalón"),
	(5,27,"Berlanas, Las"),
	(6,27,"Calzadilla de los Barros"),
	(7,27,"Inca"),
	(8,27,"Cabanyes, Les"),
	(9,27,"Arraya de Oca"),
	(10,27,"Benquerencia"),
	(11,27,"Puerto de Santa María, El"),
	(12,27,"Benicarló"),
	(13,27,"Calzada de Calatrava"),
	(14,27,"Fernán-Núñez"),
	(15,27,"Coirós"),
	(16,27,"Barajas de Melo"),
	(17,27,"Breda"),
	(18,27,"Benalúa"),
	(19,27,"Alustante"),
	(20,27,"Zestoa"),
	(21,27,"Cumbres de Enmedio"),
	(22,27,"Angüés"),
	(23,27,"Cazalilla"),
	(24,27,"Cabañas Raras"),
	(25,27,"Anglesola"),
	(26,27,"Berceo"),
	(27,27,"Lourenzá"),
	(28,27,"Buitrago del Lozoya"),
	(29,27,"Benamocarra"),
	(30,27,"Molina de Segura"),
	(31,27,"Arbizu"),
	(32,27,"Cortegada"),
	(33,27,"Grandas de Salime"),
	(34,27,"Barruelo de Santullán"),
	(35,27,"Teror"),
	(36,27,"Meaño"),
	(37,27,"Almenara de Tormes"),
	(38,27,"Paso, El"),
	(39,27,"Campoo de Enmedio"),
	(41,27,"Castilblanco de los Arroyos"),
	(42,27,"Arévalo de la Sierra"),
	(43,27,"Bisbal de Falset, La"),
	(44,27,"Arens de Lledó"),
	(45,27,"Cabezamesada"),
	(46,27,"Alfarrasí"),
	(47,27,"Cabezón de Pisuerga"),
	(48,27,"Durango"),
	(49,27,"Brime de Sog"),
	(50,27,"Ambel"),
	(1,28,"Labastida/Bastida"),
	(2,28,"Cotillas"),
	(3,28,"Beniarrés"),
	(4,28,"Bentarique"),
	(6,28,"Campanario"),
	(7,28,"Lloret de Vistalegre"),
	(8,28,"Cabrera d'Anoia"),
	(10,28,"Berrocalejo"),
	(11,28,"Puerto Real"),
	(12,28,"Benicasim/Benicàssim"),
	(13,28,"Campo de Criptana"),
	(14,28,"Fuente la Lancha"),
	(15,28,"Corcubión"),
	(17,28,"Brunyola"),
	(18,28,"Benalúa de las Villas"),
	(20,28,"Zizurkil"),
	(21,28,"Cumbres de San Bartolomé"),
	(22,28,"Ansó"),
	(23,28,"Cazorla"),
	(24,28,"Cabreros del Río"),
	(26,28,"Bergasa"),
	(27,28,"Lugo"),
	(28,28,"Bustarviejo"),
	(29,28,"Benaoján"),
	(30,28,"Moratalla"),
	(31,28,"Arce/Artzi"),
	(32,28,"Cualedro"),
	(33,28,"Ibias"),
	(34,28,"Báscones de Ojeda"),
	(35,28,"Tías"),
	(36,28,"Meis"),
	(37,28,"Almendra"),
	(38,28,"Puerto de la Cruz"),
	(39,28,"Entrambasaguas"),
	(40,28,"Bercial"),
	(41,28,"Castilleja de Guzmán"),
	(42,28,"Ausejo de la Sierra"),
	(43,28,"Bisbal del Penedès, La"),
	(44,28,"Argente"),
	(45,28,"Calera y Chozas"),
	(46,28,"Algar de Palancia"),
	(47,28,"Cabezón de Valderaduey"),
	(48,28,"Ea"),
	(49,28,"Brime de Urz"),
	(50,28,"Anento"),
	(2,29,"Chinchilla de Monte-Aragón"),
	(3,29,"Benigembla"),
	(4,29,"Berja"),
	(5,29,"Bernuy-Zapardiel"),
	(6,29,"Campillo de Llerena"),
	(7,29,"Lloseta"),
	(8,29,"Cabrera de Mar"),
	(9,29,"Atapuerca"),
	(10,29,"Berzocana"),
	(11,29,"Puerto Serrano"),
	(12,29,"Benlloch"),
	(13,29,"Cañada de Calatrava"),
	(14,29,"Fuente Obejuna"),
	(15,29,"Coristanco"),
	(16,29,"Barchín del Hoyo"),
	(17,29,"Boadella i les Escaules"),
	(18,29,"Benamaurel"),
	(20,29,"Deba"),
	(21,29,"Cumbres Mayores"),
	(22,29,"Antillón"),
	(23,29,"Chiclana de Segura"),
	(24,29,"Cabrillanes"),
	(25,29,"Arbeca"),
	(26,29,"Bergasillas Bajera"),
	(27,29,"Meira"),
	(28,29,"Cabanillas de la Sierra"),
	(29,29,"Benarrabá"),
	(30,29,"Mula"),
	(31,29,"Arcos, Los"),
	(32,29,"Chandrexa de Queixa"),
	(33,29,"Illano"),
	(34,29,"Becerril de Campos"),
	(35,29,"Tinajo"),
	(36,29,"Moaña"),
	(37,29,"Anaya de Alba"),
	(38,29,"Puntagorda"),
	(39,29,"Escalante"),
	(40,29,"Bercimuel"),
	(41,29,"Castilleja de la Cuesta"),
	(42,29,"Baraona"),
	(43,29,"Blancafort"),
	(44,29,"Ariño"),
	(45,29,"Caleruela"),
	(46,29,"Algemesí"),
	(47,29,"Cabreros del Monte"),
	(48,29,"Etxebarri"),
	(49,29,"Burganes de Valverde"),
	(50,29,"Aniñón"),
	(1,30,"Lagrán"),
	(2,30,"Elche de la Sierra"),
	(3,30,"Benidoleig"),
	(4,30,"Canjáyar"),
	(5,30,"Berrocalejo de Aragona"),
	(6,30,"Capilla"),
	(7,30,"Llubí"),
	(8,30,"Cabrils"),
	(9,30,"Ausines, Los"),
	(10,30,"Bohonal de Ibor"),
	(11,30,"Rota"),
	(13,30,"Caracuel de Calatrava"),
	(14,30,"Fuente Palmera"),
	(15,30,"Coruña, A"),
	(16,30,"Bascuñana de San Pedro"),
	(17,30,"Cabanes"),
	(18,30,"Bérchules"),
	(20,30,"Eibar"),
	(21,30,"Chucena"),
	(23,30,"Chilluévar"),
	(24,30,"Cacabelos"),
	(25,30,"Pont de Bar, El"),
	(26,30,"Bezares"),
	(27,30,"Mondoñedo"),
	(28,30,"Cabrera, La"),
	(29,30,"Borge, El"),
	(30,30,"Murcia"),
	(31,30,"Arellano"),
	(32,30,"Entrimo"),
	(33,30,"Illas"),
	(35,30,"Tuineje"),
	(36,30,"Mondariz"),
	(37,30,"Añover de Tormes"),
	(38,30,"Puntallana"),
	(39,30,"Guriezo"),
	(40,30,"Bernardos"),
	(41,30,"Castilleja del Campo"),
	(42,30,"Barca"),
	(43,30,"Bonastre"),
	(45,30,"Calzada de Oropesa"),
	(46,30,"Algimia de Alfara"),
	(47,30,"Campaspero"),
	(48,30,"Etxebarria"),
	(49,30,"Bustillo del Oro"),
	(50,30,"Añón de Moncayo"),
	(1,31,"Laguardia"),
	(2,31,"Férez"),
	(3,31,"Benidorm"),
	(4,31,"Cantoria"),
	(6,31,"Carmonita"),
	(7,31,"Llucmajor"),
	(8,31,"Calaf"),
	(10,31,"Botija"),
	(11,31,"San Fernando"),
	(12,31,"Borriol"),
	(13,31,"Carrión de Calatrava"),
	(14,31,"Fuente-Tójar"),
	(15,31,"Culleredo"),
	(16,31,"Beamud"),
	(17,31,"Cabanelles"),
	(19,31,"Angón"),
	(20,31,"Elduain"),
	(21,31,"Encinasola"),
	(23,31,"Escañuela"),
	(24,31,"Calzada del Coto"),
	(25,31,"Arres"),
	(26,31,"Bobadilla"),
	(27,31,"Monforte de Lemos"),
	(28,31,"Cadalso de los Vidrios"),
	(29,31,"Burgo, El"),
	(30,31,"Ojós"),
	(31,31,"Areso"),
	(32,31,"Esgos"),
	(33,31,"Langreo"),
	(34,31,"Belmonte de Campos"),
	(35,31,"Valsequillo de Gran Canaria"),
	(36,31,"Mondariz-Balneario"),
	(37,31,"Arabayona de Mógica"),
	(38,31,"Realejos, Los"),
	(39,31,"Hazas de Cesto"),
	(40,31,"Bernuy de Porreros"),
	(41,31,"Castillo de las Guardas, El"),
	(42,31,"Barcones"),
	(43,31,"Borges del Camp, Les"),
	(44,31,"Azaila"),
	(45,31,"Camarena"),
	(46,31,"Alginet"),
	(47,31,"Campillo, El"),
	(48,31,"Elantxobe"),
	(49,31,"Cabañas de Sayago"),
	(50,31,"Aranda de Moncayo"),
	(1,32,"Lanciego/Lantziego"),
	(2,32,"Fuensanta"),
	(3,32,"Benifallim"),
	(4,32,"Carboneras"),
	(6,32,"Carrascalejo, El"),
	(7,32,"Maó"),
	(8,32,"Caldes d'Estrac"),
	(9,32,"Avellanosa de Muñó"),
	(10,32,"Brozas"),
	(11,32,"Sanlúcar de Barrameda"),
	(12,32,"Borriana/Burriana"),
	(13,32,"Carrizosa"),
	(14,32,"Granjuela, La"),
	(15,32,"Curtis"),
	(16,32,"Belinchón"),
	(17,32,"Cadaqués"),
	(18,32,"Bubión"),
	(19,32,"Anguita"),
	(20,32,"Elgoibar"),
	(21,32,"Escacena del Campo"),
	(22,32,"Aragüés del Puerto"),
	(23,32,"Espelúy"),
	(24,32,"Campazas"),
	(25,32,"Arsèguel"),
	(26,32,"Brieva de Cameros"),
	(27,32,"Monterroso"),
	(28,32,"Camarma de Esteruelas"),
	(29,32,"Campillos"),
	(30,32,"Pliego"),
	(31,32,"Arguedas"),
	(32,32,"Xinzo de Limia"),
	(33,32,"Laviana"),
	(34,32,"Berzosilla"),
	(35,32,"Valleseco"),
	(36,32,"Moraña"),
	(37,32,"Arapiles"),
	(38,32,"Rosario, El"),
	(39,32,"Hermandad de Campoo de Suso"),
	(40,32,"Boceguillas"),
	(41,32,"Cazalla de la Sierra"),
	(42,32,"Bayubas de Abajo"),
	(43,32,"Bot"),
	(44,32,"Bádenas"),
	(45,32,"Camarenilla"),
	(46,32,"Almàssera"),
	(47,32,"Camporredondo"),
	(48,32,"Elorrio"),
	(49,32,"Calzadilla de Tera"),
	(50,32,"Arándiga"),
	(1,33,"Lapuebla de Labarca"),
	(2,33,"Fuente-Álamo"),
	(3,33,"Benifato"),
	(4,33,"Castro de Filabres"),
	(5,33,"Blascomillán"),
	(6,33,"Casas de Don Pedro"),
	(7,33,"Manacor"),
	(8,33,"Caldes de Montbui"),
	(9,33,"Bahabón de Esgueva"),
	(10,33,"Cabañas del Castillo"),
	(11,33,"San Roque"),
	(12,33,"Cabanes"),
	(13,33,"Castellar de Santiago"),
	(14,33,"Guadalcázar"),
	(15,33,"Dodro"),
	(16,33,"Belmonte"),
	(17,33,"Caldes de Malavella"),
	(18,33,"Busquístar"),
	(19,33,"Anquela del Ducado"),
	(20,33,"Elgeta"),
	(21,33,"Fuenteheridos"),
	(23,33,"Frailes"),
	(24,33,"Campo de Villavidel"),
	(25,33,"Artesa de Lleida"),
	(26,33,"Briñas"),
	(27,33,"Muras"),
	(28,33,"Campo Real"),
	(29,33,"Canillas de Aceituno"),
	(30,33,"Puerto Lumbreras"),
	(31,33,"Aria"),
	(32,33,"Gomesende"),
	(33,33,"Lena"),
	(34,33,"Boada de Campos"),
	(35,33,"Vega de San Mateo"),
	(36,33,"Mos"),
	(37,33,"Arcediano"),
	(38,33,"San Andrés y Sauces"),
	(39,33,"Herrerías"),
	(40,33,"Brieva"),
	(41,33,"Constantina"),
	(42,33,"Bayubas de Arriba"),
	(43,33,"Botarell"),
	(44,33,"Báguena"),
	(45,33,"Campillo de la Jara, El"),
	(46,33,"Almiserà"),
	(47,33,"Canalejas de Peñafiel"),
	(48,33,"Ereño"),
	(49,33,"Camarzana de Tera"),
	(50,33,"Ardisa"),
	(1,34,"Leza"),
	(2,34,"Fuentealbilla"),
	(3,34,"Benijófar"),
	(4,34,"Cóbdar"),
	(5,34,"Blasconuño de Matacabras"),
	(6,34,"Casas de Reina"),
	(7,34,"Mancor de la Vall"),
	(8,34,"Calders"),
	(9,34,"Balbases, Los"),
	(10,34,"Cabezabellosa"),
	(11,34,"Setenil de las Bodegas"),
	(12,34,"Càlig"),
	(13,34,"Ciudad Real"),
	(14,34,"Guijo, El"),
	(15,34,"Dumbría"),
	(16,34,"Belmontejo"),
	(17,34,"Calonge"),
	(18,34,"Cacín"),
	(19,34,"Anquela del Pedregal"),
	(20,34,"Eskoriatza"),
	(21,34,"Galaroza"),
	(23,34,"Fuensanta de Martos"),
	(24,34,"Camponaraya"),
	(25,34,"Artesa de Segre"),
	(26,34,"Briones"),
	(27,34,"Navia de Suarna"),
	(28,34,"Canencia"),
	(29,34,"Canillas de Albaida"),
	(30,34,"Ricote"),
	(31,34,"Aribe"),
	(32,34,"Gudiña, A"),
	(33,34,"Valdés"),
	(34,34,"Boadilla del Camino"),
	(35,34,"Yaiza"),
	(36,34,"Neves, As"),
	(37,34,"Arco, El"),
	(38,34,"San Juan de la Rambla"),
	(39,34,"Lamasón"),
	(40,34,"Caballar"),
	(41,34,"Coria del Río"),
	(42,34,"Beratón"),
	(43,34,"Bràfim"),
	(44,34,"Bañón"),
	(45,34,"Camuñas"),
	(46,34,"Almoines"),
	(47,34,"Canillas de Esgueva"),
	(48,34,"Ermua"),
	(49,34,"Cañizal"),
	(50,34,"Ariza"),
	(2,35,"Gineta, La"),
	(3,35,"Benilloba"),
	(4,35,"Cuevas del Almanzora"),
	(5,35,"Blascosancho"),
	(6,35,"Castilblanco"),
	(7,35,"Maria de la Salut"),
	(8,35,"Calella"),
	(9,35,"Baños de Valdearados"),
	(10,35,"Cabezuela del Valle"),
	(11,35,"Tarifa"),
	(13,35,"Corral de Calatrava"),
	(14,35,"Hinojosa del Duque"),
	(15,35,"Fene"),
	(16,35,"Beteta"),
	(17,35,"Camós"),
	(18,35,"Cádiar"),
	(20,35,"Ezkio-Itsaso"),
	(21,35,"Gibraleón"),
	(22,35,"Arén"),
	(23,35,"Fuerte del Rey"),
	(25,35,"Sentiu de Sió, La"),
	(26,35,"Cabezón de Cameros"),
	(27,35,"Negueira de Muñiz"),
	(28,35,"Carabaña"),
	(29,35,"Cañete la Real"),
	(30,35,"San Javier"),
	(31,35,"Armañanzas"),
	(32,35,"Irixo, O"),
	(33,35,"Llanera"),
	(34,35,"Boadilla de Rioseco"),
	(36,35,"Nigrán"),
	(37,35,"Armenteros"),
	(38,35,"San Miguel de Abona"),
	(39,35,"Laredo"),
	(40,35,"Cabañas de Polendos"),
	(41,35,"Coripe"),
	(42,35,"Berlanga de Duero"),
	(43,35,"Cabacés"),
	(44,35,"Barrachina"),
	(45,35,"Cardiel de los Montes"),
	(46,35,"Almussafes"),
	(47,35,"Carpio"),
	(48,35,"Fruiz"),
	(49,35,"Cañizo"),
	(50,35,"Artieda"),
	(1,36,"Laudio/Llodio"),
	(2,36,"Golosalvo"),
	(3,36,"Benillup"),
	(4,36,"Chercos"),
	(5,36,"Bohodón, El"),
	(6,36,"Castuera"),
	(7,36,"Marratxí"),
	(8,36,"Calonge de Segarra"),
	(9,36,"Bañuelos de Bureba"),
	(10,36,"Cabrero"),
	(11,36,"Torre Alháquime"),
	(12,36,"Canet lo Roig"),
	(13,36,"Cortijos, Los"),
	(14,36,"Hornachuelos"),
	(15,36,"Ferrol"),
	(16,36,"Boniches"),
	(17,36,"Campdevànol"),
	(18,36,"Cájar"),
	(19,36,"Aranzueque"),
	(20,36,"Hondarribia"),
	(21,36,"Granada de Río-Tinto, La"),
	(22,36,"Argavieso"),
	(24,36,"Candín"),
	(25,36,"Aspa"),
	(26,36,"Calahorra"),
	(28,36,"Casarrubuelos"),
	(29,36,"Carratraca"),
	(30,36,"San Pedro del Pinatar"),
	(31,36,"Arróniz"),
	(32,36,"Xunqueira de Ambía"),
	(33,36,"Llanes"),
	(34,36,"Brañosera"),
	(36,36,"Oia"),
	(37,36,"San Miguel del Robledo"),
	(38,36,"San Sebastián de la Gomera"),
	(39,36,"Liendo"),
	(40,36,"Cabezuela"),
	(41,36,"Coronil, El"),
	(42,36,"Blacos"),
	(43,36,"Cabra del Camp"),
	(44,36,"Bea"),
	(45,36,"Carmena"),
	(46,36,"Alpuente"),
	(47,36,"Casasola de Arión"),
	(48,36,"Galdakao"),
	(49,36,"Carbajales de Alba"),
	(50,36,"Asín"),
	(1,37,"Arraia-Maeztu"),
	(2,37,"Hellín"),
	(3,37,"Benimantell"),
	(4,37,"Chirivel"),
	(5,37,"Bohoyo"),
	(6,37,"Codosera, La"),
	(7,37,"Mercadal, Es"),
	(8,37,"Calldetenes"),
	(9,37,"Barbadillo de Herreros"),
	(10,37,"Cáceres"),
	(11,37,"Trebujena"),
	(12,37,"Castell de Cabres"),
	(13,37,"Cózar"),
	(14,37,"Iznájar"),
	(15,37,"Fisterra"),
	(17,37,"Campelles"),
	(18,37,"Calicasas"),
	(19,37,"Arbancón"),
	(20,37,"Gaintza"),
	(21,37,"Granado, El"),
	(22,37,"Arguis"),
	(23,37,"Génave"),
	(24,37,"Cármenes"),
	(25,37,"Avellanes i Santa Linya, Les"),
	(26,37,"Camprovín"),
	(27,37,"Nogais, As"),
	(28,37,"Cenicientos"),
	(29,37,"Cartajima"),
	(30,37,"Torre-Pacheco"),
	(31,37,"Arruazu"),
	(32,37,"Xunqueira de Espadanedo"),
	(33,37,"Mieres"),
	(34,37,"Buenavista de Valdavia"),
	(36,37,"Pazos de Borbén"),
	(37,37,"Atalaya, La"),
	(38,37,"Santa Cruz de la Palma"),
	(39,37,"Liérganes"),
	(40,37,"Calabazas de Fuentidueña"),
	(41,37,"Corrales, Los"),
	(42,37,"Bliecos"),
	(43,37,"Calafell"),
	(44,37,"Beceite"),
	(45,37,"Carpio de Tajo, El"),
	(46,37,"Alqueria de la Comtessa, l'"),
	(47,37,"Castrejón de Trabancos"),
	(48,37,"Galdames"),
	(49,37,"Carbellino"),
	(50,37,"Atea"),
	(2,38,"Herrera, La"),
	(3,38,"Benimarfull"),
	(4,38,"Dalías"),
	(5,38,"Bonilla de la Sierra"),
	(6,38,"Cordobilla de Lácara"),
	(7,38,"Montuïri"),
	(8,38,"Callús"),
	(9,38,"Barbadillo del Mercado"),
	(10,38,"Cachorrilla"),
	(11,38,"Ubrique"),
	(12,38,"Castellfort"),
	(13,38,"Chillón"),
	(14,38,"Lucena"),
	(15,38,"Frades"),
	(16,38,"Buciegas"),
	(17,38,"Campllong"),
	(18,38,"Campotéjar"),
	(19,38,"Arbeteta"),
	(20,38,"Gabiria"),
	(21,38,"Higuera de la Sierra"),
	(23,38,"Guardia de Jaén, La"),
	(24,38,"Carracedelo"),
	(25,38,"Aitona"),
	(26,38,"Canales de la Sierra"),
	(27,38,"Ourol"),
	(28,38,"Cercedilla"),
	(29,38,"Cártama"),
	(30,38,"Torres de Cotillas, Las"),
	(31,38,"Artajona"),
	(32,38,"Larouco"),
	(33,38,"Morcín"),
	(34,38,"Bustillo de la Vega"),
	(36,38,"Pontevedra"),
	(37,38,"Babilafuente"),
	(38,38,"Santa Cruz de Tenerife"),
	(39,38,"Limpias"),
	(41,38,"Dos Hermanas"),
	(42,38,"Borjabad"),
	(43,38,"Cambrils"),
	(44,38,"Belmonte de San José"),
	(45,38,"Carranque"),
	(46,38,"Andilla"),
	(47,38,"Castrillo de Duero"),
	(48,38,"Gamiz-Fika"),
	(49,38,"Casaseca de Campeán"),
	(50,38,"Ateca"),
	(1,39,"Moreda de Álava/Moreda Araba"),
	(2,39,"Higueruela"),
	(3,39,"Benimassot"),
	(5,39,"Brabos"),
	(6,39,"Coronada, La"),
	(7,39,"Muro"),
	(8,39,"Campins"),
	(9,39,"Barbadillo del Pez"),
	(10,39,"Cadalso"),
	(11,39,"Vejer de la Frontera"),
	(12,39,"Castellnovo"),
	(13,39,"Daimiel"),
	(14,39,"Luque"),
	(15,39,"Irixoa"),
	(16,39,"Buenache de Alarcón"),
	(17,39,"Camprodon"),
	(18,39,"Caniles"),
	(19,39,"Argecilla"),
	(20,39,"Getaria"),
	(21,39,"Hinojales"),
	(22,39,"Ayerbe"),
	(23,39,"Guarromán"),
	(24,39,"Carrizo"),
	(25,39,"Baix Pallars"),
	(26,39,"Canillas de Río Tuerto"),
	(27,39,"Outeiro de Rei"),
	(28,39,"Cervera de Buitrago"),
	(29,39,"Casabermeja"),
	(30,39,"Totana"),
	(31,39,"Artazu"),
	(32,39,"Laza"),
	(33,39,"Muros de Nalón"),
	(34,39,"Bustillo del Páramo de Carrión"),
	(36,39,"Porriño, O"),
	(37,39,"Bañobárez"),
	(38,39,"Santa Úrsula"),
	(39,39,"Luena"),
	(40,39,"Campo de San Pedro"),
	(41,39,"Écija"),
	(42,39,"Borobia"),
	(43,39,"Capafonts"),
	(44,39,"Bello"),
	(45,39,"Carriches"),
	(46,39,"Anna"),
	(47,39,"Castrillo-Tejeriego"),
	(48,39,"Garai"),
	(49,39,"Casaseca de las Chanas"),
	(50,39,"Azuara"),
	(2,40,"Hoya-Gonzalo"),
	(3,40,"Benimeli"),
	(5,40,"Bularros"),
	(6,40,"Corte de Peleas"),
	(7,40,"Palma"),
	(8,40,"Canet de Mar"),
	(10,40,"Calzadilla"),
	(11,40,"Villaluenga del Rosario"),
	(12,40,"Castellón de la Plana/Castelló de la Plana"),
	(13,40,"Fernán Caballero"),
	(14,40,"Montalbán de Córdoba"),
	(15,40,"Laxe"),
	(16,40,"Buenache de la Sierra"),
	(17,40,"Canet d'Adri"),
	(18,40,"Cáñar"),
	(19,40,"Armallones"),
	(20,40,"Hernani"),
	(21,40,"Hinojos"),
	(22,40,"Azanuy-Alins"),
	(23,40,"Lahiguera"),
	(24,40,"Carrocera"),
	(25,40,"Balaguer"),
	(26,40,"Cañas"),
	(27,40,"Palas de Rei"),
	(28,40,"Ciempozuelos"),
	(29,40,"Casarabonela"),
	(30,40,"Ulea"),
	(31,40,"Atez"),
	(32,40,"Leiro"),
	(33,40,"Nava"),
	(36,40,"Portas"),
	(37,40,"Barbadillo"),
	(38,40,"Santiago del Teide"),
	(39,40,"Marina de Cudeyo"),
	(40,40,"Cantalejo"),
	(41,40,"Espartinas"),
	(43,40,"Capçanes"),
	(44,40,"Berge"),
	(45,40,"Casar de Escalona, El"),
	(46,40,"Antella"),
	(47,40,"Castrobol"),
	(48,40,"Gatika"),
	(49,40,"Castrillo de la Guareña"),
	(50,40,"Badules"),
	(1,41,"Navaridas"),
	(2,41,"Jorquera"),
	(3,41,"Benissa"),
	(4,41,"Enix"),
	(5,41,"Burgohondo"),
	(6,41,"Cristina"),
	(7,41,"Petra"),
	(8,41,"Canovelles"),
	(9,41,"Barrio de Muñó"),
	(10,41,"Caminomorisco"),
	(11,41,"Villamartín"),
	(12,41,"Castillo de Villamalefa"),
	(13,41,"Fontanarejo"),
	(14,41,"Montemayor"),
	(15,41,"Laracha, A"),
	(16,41,"Buendía"),
	(17,41,"Cantallops"),
	(19,41,"Armuña de Tajuña"),
	(20,41,"Hernialde"),
	(21,41,"Huelva"),
	(22,41,"Azara"),
	(23,41,"Higuera de Calatrava"),
	(24,41,"Carucedo"),
	(25,41,"Barbens"),
	(26,41,"Cárdenas"),
	(27,41,"Pantón"),
	(28,41,"Cobeña"),
	(29,41,"Casares"),
	(30,41,"Unión, La"),
	(31,41,"Ayegui/Aiegi"),
	(32,41,"Lobeira"),
	(33,41,"Navia"),
	(34,41,"Calahorra de Boedo"),
	(36,41,"Poio"),
	(37,41,"Barbalos"),
	(38,41,"Sauzal, El"),
	(39,41,"Mazcuerras"),
	(40,41,"Cantimpalos"),
	(41,41,"Estepa"),
	(42,41,"Buberos"),
	(43,41,"Caseres"),
	(44,41,"Bezas"),
	(45,41,"Casarrubios del Monte"),
	(46,41,"Aras de los Olmos"),
	(47,41,"Castrodeza"),
	(48,41,"Gautegiz Arteaga"),
	(49,41,"Castrogonzalo"),
	(50,41,"Bagüés"),
	(1,42,"Okondo"),
	(2,42,"Letur"),
	(3,42,"Benitachell/Poble Nou de Benitatxell, el"),
	(5,42,"Cabezas de Alambre"),
	(6,42,"Cheles"),
	(7,42,"Pollença"),
	(8,42,"Cànoves i Samalús"),
	(10,42,"Campillo de Deleitosa"),
	(11,42,"Zahara"),
	(12,42,"Catí"),
	(13,42,"Fuencaliente"),
	(14,42,"Montilla"),
	(15,42,"Lousame"),
	(16,42,"Campillo de Altobuey"),
	(17,42,"Capmany"),
	(18,42,"Capileira"),
	(19,42,"Arroyo de las Fraguas"),
	(20,42,"Ibarra"),
	(21,42,"Isla Cristina"),
	(22,42,"Azlor"),
	(23,42,"Hinojares"),
	(24,42,"Castilfalé"),
	(25,42,"Baronia de Rialb, La"),
	(26,42,"Casalarreina"),
	(27,42,"Paradela"),
	(28,42,"Colmenar del Arroyo"),
	(29,42,"Coín"),
	(30,42,"Villanueva del Río Segura"),
	(31,42,"Azagra"),
	(32,42,"Lobios"),
	(33,42,"Noreña"),
	(34,42,"Calzada de los Molinos"),
	(36,42,"Ponteareas"),
	(37,42,"Barceo"),
	(38,42,"Silos, Los"),
	(39,42,"Medio Cudeyo"),
	(41,42,"Fuentes de Andalucía"),
	(42,42,"Buitrago"),
	(43,42,"Castellvell del Camp"),
	(44,42,"Blancas"),
	(45,42,"Casasbuenas"),
	(46,42,"Aielo de Malferit"),
	(47,42,"Castromembibre"),
	(48,42,"Gordexola"),
	(49,42,"Castronuevo"),
	(50,42,"Balconchán"),
	(1,43,"Oyón-Oion"),
	(2,43,"Lezuza"),
	(3,43,"Biar"),
	(4,43,"Felix"),
	(5,43,"Cabezas del Pozo"),
	(6,43,"Don Álvaro"),
	(7,43,"Porreres"),
	(8,43,"Canyelles"),
	(9,43,"Barrios de Bureba, Los"),
	(10,43,"Campo Lugar"),
	(12,43,"Caudiel"),
	(13,43,"Fuenllana"),
	(14,43,"Montoro"),
	(15,43,"Malpica de Bergantiños"),
	(16,43,"Campillos-Paravientos"),
	(17,43,"Queralbs"),
	(18,43,"Carataunas"),
	(19,43,"Atanzón"),
	(20,43,"Idiazabal"),
	(21,43,"Jabugo"),
	(22,43,"Baélls"),
	(23,43,"Hornos"),
	(24,43,"Castrillo de Cabrera"),
	(25,43,"Vall de Boí, La"),
	(26,43,"Castañares de Rioja"),
	(27,43,"Páramo, O"),
	(28,43,"Colmenar de Oreja"),
	(29,43,"Colmenar"),
	(30,43,"Yecla"),
	(31,43,"Azuelo"),
	(32,43,"Maceda"),
	(33,43,"Onís"),
	(36,43,"Ponte Caldelas"),
	(38,43,"Tacoronte"),
	(39,43,"Meruelo"),
	(40,43,"Carbonero el Mayor"),
	(41,43,"Garrobo, El"),
	(42,43,"Burgo de Osma-Ciudad de Osma"),
	(43,43,"Catllar, El"),
	(44,43,"Blesa"),
	(45,43,"Castillo de Bayuela"),
	(46,43,"Aielo de Rugat"),
	(47,43,"Castromonte"),
	(48,43,"Gorliz"),
	(49,43,"Castroverde de Campos"),
	(50,43,"Bárboles"),
	(1,44,"Peñacerrada-Urizaharra"),
	(2,44,"Liétor"),
	(3,44,"Bigastro"),
	(4,44,"Fines"),
	(5,44,"Cabezas del Villar"),
	(6,44,"Don Benito"),
	(7,44,"Pobla, Sa"),
	(8,44,"Capellades"),
	(9,44,"Barrios de Colina"),
	(10,44,"Cañamero"),
	(12,44,"Cervera del Maestre"),
	(13,44,"Fuente el Fresno"),
	(14,44,"Monturque"),
	(15,44,"Mañón"),
	(16,44,"Campillos-Sierra"),
	(17,44,"Cassà de la Selva"),
	(18,44,"Cástaras"),
	(19,44,"Atienza"),
	(20,44,"Ikaztegieta"),
	(21,44,"Lepe"),
	(22,44,"Bailo"),
	(23,44,"Huelma"),
	(24,44,"Castrillo de la Valduerna"),
	(25,44,"Bassella"),
	(26,44,"Castroviejo"),
	(27,44,"Pastoriza, A"),
	(28,44,"Colmenarejo"),
	(29,44,"Comares"),
	(31,44,"Bakaiku"),
	(32,44,"Manzaneda"),
	(33,44,"Oviedo"),
	(36,44,"Pontecesures"),
	(37,44,"Barruecopardo"),
	(38,44,"Tanque, El"),
	(39,44,"Miengo"),
	(40,44,"Carrascal del Río"),
	(41,44,"Gelves"),
	(42,44,"Cabrejas del Campo"),
	(43,44,"Sénia, La"),
	(44,44,"Bordón"),
	(46,44,"Ayora"),
	(47,44,"Castronuevo de Esgueva"),
	(48,44,"Getxo"),
	(49,44,"Cazurra"),
	(50,44,"Bardallur"),
	(2,45,"Madrigueras"),
	(3,45,"Bolulla"),
	(4,45,"Fiñana"),
	(5,45,"Cabizuela"),
	(6,45,"Entrín Bajo"),
	(7,45,"Puigpunyent"),
	(8,45,"Capolat"),
	(9,45,"Basconcillos del Tozo"),
	(10,45,"Cañaveral"),
	(12,45,"Cinctorres"),
	(13,45,"Granátula de Calatrava"),
	(14,45,"Moriles"),
	(15,45,"Mazaricos"),
	(16,45,"Canalejas del Arroyo"),
	(18,45,"Castilléjar"),
	(19,45,"Auñón"),
	(20,45,"Irun"),
	(21,45,"Linares de la Sierra"),
	(22,45,"Baldellou"),
	(23,45,"Huesa"),
	(25,45,"Bausen"),
	(26,45,"Cellorigo"),
	(27,45,"Pedrafita do Cebreiro"),
	(28,45,"Colmenar Viejo"),
	(29,45,"Cómpeta"),
	(31,45,"Barásoain"),
	(32,45,"Maside"),
	(33,45,"Parres"),
	(34,45,"Capillas"),
	(36,45,"Redondela"),
	(37,45,"Bastida, La"),
	(38,45,"Tazacorte"),
	(39,45,"Miera"),
	(40,45,"Casla"),
	(41,45,"Gerena"),
	(42,45,"Cabrejas del Pinar"),
	(43,45,"Colldejou"),
	(44,45,"Bronchales"),
	(45,45,"Cazalegas"),
	(46,45,"Barxeta"),
	(47,45,"Castronuño"),
	(48,45,"Güeñes"),
	(50,45,"Belchite"),
	(1,46,"Erriberagoitia/Ribera Alta"),
	(2,46,"Mahora"),
	(3,46,"Busot"),
	(4,46,"Fondón"),
	(5,46,"Canales"),
	(6,46,"Esparragalejo"),
	(7,46,"Sant Antoni de Portmany"),
	(8,46,"Cardedeu"),
	(9,46,"Bascuñana"),
	(10,46,"Carbajo"),
	(12,46,"Cirat"),
	(13,46,"Guadalmez"),
	(14,46,"Nueva Carteya"),
	(15,46,"Melide"),
	(16,46,"Cañada del Hoyo"),
	(17,46,"Castellfollit de la Roca"),
	(18,46,"Castril"),
	(19,46,"Azuqueca de Henares"),
	(20,46,"Irura"),
	(21,46,"Lucena del Puerto"),
	(22,46,"Ballobar"),
	(23,46,"Ibros"),
	(24,46,"Castrocalbón"),
	(25,46,"Belianes"),
	(26,46,"Cenicero"),
	(27,46,"Pol"),
	(28,46,"Collado Mediano"),
	(29,46,"Cortes de la Frontera"),
	(31,46,"Barbarin"),
	(32,46,"Melón"),
	(33,46,"Peñamellera Alta"),
	(34,46,"Cardeñosa de Volpejera"),
	(36,46,"Ribadumia"),
	(37,46,"Béjar"),
	(38,46,"Tegueste"),
	(39,46,"Molledo"),
	(40,46,"Castillejo de Mesleón"),
	(41,46,"Gilena"),
	(42,46,"Calatañazor"),
	(43,46,"Conesa"),
	(44,46,"Bueña"),
	(45,46,"Cebolla"),
	(46,46,"Barx"),
	(47,46,"Castroponce"),
	(48,46,"Gernika-Lumo"),
	(49,46,"Cerecinos de Campos"),
	(50,46,"Belmonte de Gracián"),
	(1,47,"Ribera Baja/Erribera Beitia"),
	(2,47,"Masegoso"),
	(3,47,"Calp"),
	(4,47,"Gádor"),
	(5,47,"Candeleda"),
	(6,47,"Esparragosa de la Serena"),
	(7,47,"Sencelles"),
	(8,47,"Cardona"),
	(9,47,"Belbimbre"),
	(10,47,"Carcaboso"),
	(13,47,"Herencia"),
	(14,47,"Obejo"),
	(15,47,"Mesía"),
	(16,47,"Cañada Juncosa"),
	(17,47,"Castelló d'Empúries"),
	(18,47,"Cenes de la Vega"),
	(19,47,"Baides"),
	(20,47,"Itsasondo"),
	(21,47,"Manzanilla"),
	(22,47,"Banastás"),
	(23,47,"Iruela, La"),
	(24,47,"Castrocontrigo"),
	(25,47,"Bellcaire d'Urgell"),
	(26,47,"Cervera del Río Alhama"),
	(27,47,"Pobra do Brollón, A"),
	(28,47,"Collado Villalba"),
	(29,47,"Cuevas Bajas"),
	(31,47,"Bargota"),
	(32,47,"Merca, A"),
	(33,47,"Peñamellera Baja"),
	(34,47,"Carrión de los Condes"),
	(36,47,"Rodeiro"),
	(37,47,"Beleña"),
	(38,47,"Tijarafe"),
	(39,47,"Noja"),
	(40,47,"Castro de Fuentidueña"),
	(41,47,"Gines"),
	(43,47,"Constantí"),
	(44,47,"Burbáguena"),
	(45,47,"Cedillo del Condado"),
	(46,47,"Bèlgida"),
	(47,47,"Castroverde de Cerrato"),
	(48,47,"Gizaburuaga"),
	(49,47,"Cerecinos del Carrizal"),
	(50,47,"Berdejo"),
	(2,48,"Minaya"),
	(3,48,"Callosa d'En Sarrià"),
	(4,48,"Gallardos, Los"),
	(5,48,"Cantiveros"),
	(6,48,"Esparragosa de Lares"),
	(7,48,"Sant Josep de sa Talaia"),
	(8,48,"Carme"),
	(9,48,"Belorado"),
	(10,48,"Carrascalejo"),
	(12,48,"Cortes de Arenoso"),
	(13,48,"Hinojosas de Calatrava"),
	(14,48,"Palenciana"),
	(15,48,"Miño"),
	(16,48,"Cañamares"),
	(17,48,"Castell-Platja d'Aro"),
	(18,48,"Cijuela"),
	(19,48,"Baños de Tajo"),
	(20,48,"Larraul"),
	(21,48,"Marines, Los"),
	(22,48,"Barbastro"),
	(23,48,"Iznatoraf"),
	(25,48,"Bell-lloc d'Urgell"),
	(26,48,"Cidamón"),
	(27,48,"Pontenova, A"),
	(28,48,"Corpa"),
	(29,48,"Cuevas del Becerro"),
	(31,48,"Barillas"),
	(32,48,"Mezquita, A"),
	(33,48,"Pesoz"),
	(34,48,"Castil de Vela"),
	(36,48,"Rosal, O"),
	(38,48,"Valverde"),
	(39,48,"Penagos"),
	(40,48,"Castrojimeno"),
	(41,48,"Guadalcanal"),
	(42,48,"Caltojar"),
	(43,48,"Corbera d'Ebre"),
	(44,48,"Cabra de Mora"),
	(45,48,"Cerralbos, Los"),
	(46,48,"Bellreguard"),
	(47,48,"Ceinos de Campos"),
	(48,48,"Ibarrangelu"),
	(49,48,"Cernadilla"),
	(50,48,"Berrueco"),
	(1,49,"Añana"),
	(2,49,"Molinicos"),
	(3,49,"Callosa de Segura"),
	(4,49,"Garrucha"),
	(5,49,"Cardeñosa"),
	(6,49,"Feria"),
	(7,49,"Sant Joan"),
	(8,49,"Casserres"),
	(10,49,"Casar de Cáceres"),
	(12,49,"Costur"),
	(13,49,"Horcajo de los Montes"),
	(14,49,"Palma del Río"),
	(15,49,"Moeche"),
	(16,49,"Cañavate, El"),
	(17,49,"Celrà"),
	(18,49,"Cogollos de Guadix"),
	(19,49,"Bañuelos"),
	(20,49,"Lazkao"),
	(21,49,"Minas de Riotinto"),
	(22,49,"Barbués"),
	(23,49,"Jabalquinto"),
	(24,49,"Castropodame"),
	(25,49,"Bellmunt d'Urgell"),
	(26,49,"Cihuri"),
	(27,49,"Portomarín"),
	(28,49,"Coslada"),
	(29,49,"Cuevas de San Marcos"),
	(31,49,"Basaburua"),
	(32,49,"Montederramo"),
	(33,49,"Piloña"),
	(34,49,"Castrejón de la Peña"),
	(36,49,"Salceda de Caselas"),
	(37,49,"Bermellar"),
	(38,49,"Valle Gran Rey"),
	(39,49,"Peñarrubia"),
	(40,49,"Castroserna de Abajo"),
	(41,49,"Guillena"),
	(42,49,"Candilichera"),
	(43,49,"Cornudella de Montsant"),
	(44,49,"Calaceite"),
	(45,49,"Cervera de los Montes"),
	(46,49,"Bellús"),
	(47,49,"Cervillego de la Cruz"),
	(48,49,"Ispaster"),
	(2,50,"Montalvos"),
	(3,50,"Campello, el"),
	(4,50,"Gérgal"),
	(6,50,"Fregenal de la Sierra"),
	(7,50,"Sant Joan de Labritja"),
	(8,50,"Castellar del Riu"),
	(9,50,"Berberana"),
	(10,50,"Casar de Palomero"),
	(12,50,"Coves de Vinromà, les"),
	(13,50,"Labores, Las"),
	(14,50,"Pedro Abad"),
	(15,50,"Monfero"),
	(16,50,"Cañaveras"),
	(17,50,"Cervià de Ter"),
	(18,50,"Cogollos de la Vega"),
	(19,50,"Barriopedro"),
	(20,50,"Leaburu"),
	(21,50,"Moguer"),
	(22,50,"Barbuñales"),
	(23,50,"Jaén"),
	(24,50,"Castrotierra de Valmadrigal"),
	(25,50,"Bellpuig"),
	(26,50,"Cirueña"),
	(27,50,"Quiroga"),
	(28,50,"Cubas de la Sagra"),
	(29,50,"Cútar"),
	(31,50,"Baztan"),
	(32,50,"Monterrei"),
	(33,50,"Ponga"),
	(34,50,"Castrillo de Don Juan"),
	(36,50,"Salvaterra de Miño"),
	(37,50,"Berrocal de Huebra"),
	(38,50,"Vallehermoso"),
	(39,50,"Pesaguero"),
	(41,50,"Herrera"),
	(42,50,"Cañamaque"),
	(43,50,"Creixell"),
	(44,50,"Calamocha"),
	(45,50,"Ciruelos"),
	(46,50,"Benagéber"),
	(47,50,"Cigales"),
	(48,50,"Izurtza"),
	(49,50,"Cobreros"),
	(50,50,"Bijuesca"),
	(1,51,"Salvatierra/Agurain"),
	(2,51,"Montealegre del Castillo"),
	(3,51,"Campo de Mirra/Camp de Mirra, el"),
	(4,51,"Huécija"),
	(5,51,"Carrera, La"),
	(6,51,"Fuenlabrada de los Montes"),
	(7,51,"Sant Llorenç des Cardassar"),
	(8,51,"Castellar del Vallès"),
	(9,51,"Berlangas de Roa"),
	(10,51,"Casares de las Hurdes"),
	(12,51,"Culla"),
	(13,51,"Luciana"),
	(14,51,"Pedroche"),
	(15,51,"Mugardos"),
	(16,51,"Cañaveruelas"),
	(17,51,"Cistella"),
	(18,51,"Colomera"),
	(19,51,"Berninches"),
	(20,51,"Legazpi"),
	(21,51,"Nava, La"),
	(22,51,"Bárcabo"),
	(23,51,"Jamilena"),
	(24,51,"Cea"),
	(25,51,"Bellver de Cerdanya"),
	(26,51,"Clavijo"),
	(27,51,"Ribadeo"),
	(28,51,"Chapinería"),
	(29,51,"Estepona"),
	(31,51,"Beire"),
	(32,51,"Muíños"),
	(33,51,"Pravia"),
	(34,51,"Castrillo de Onielo"),
	(36,51,"Sanxenxo"),
	(37,51,"Berrocal de Salvatierra"),
	(38,51,"Victoria de Acentejo, La"),
	(39,51,"Pesquera"),
	(40,51,"Castroserracín"),
	(41,51,"Huévar del Aljarafe"),
	(42,51,"Carabantes"),
	(43,51,"Cunit"),
	(44,51,"Calanda"),
	(45,51,"Cobeja"),
	(46,51,"Benaguasil"),
	(47,51,"Ciguñuela"),
	(48,51,"Lanestosa"),
	(50,51,"Biota"),
	(1,52,"Samaniego"),
	(2,52,"Motilleja"),
	(3,52,"Cañada"),
	(4,52,"Huércal de Almería"),
	(5,52,"Casas del Puerto"),
	(6,52,"Fuente de Cantos"),
	(7,52,"Sant Lluís"),
	(8,52,"Castellar de n'Hug"),
	(9,52,"Berzosa de Bureba"),
	(10,52,"Casas de Don Antonio"),
	(12,52,"Chert/Xert"),
	(13,52,"Malagón"),
	(14,52,"Peñarroya-Pueblonuevo"),
	(15,52,"Muxía"),
	(16,52,"Cañete"),
	(17,52,"Siurana"),
	(19,52,"Bodera, La"),
	(20,52,"Legorreta"),
	(21,52,"Nerva"),
	(22,52,"Belver de Cinca"),
	(23,52,"Jimena"),
	(24,52,"Cebanico"),
	(25,52,"Bellvís"),
	(26,52,"Cordovín"),
	(27,52,"Ribas de Sil"),
	(28,52,"Chinchón"),
	(29,52,"Faraján"),
	(31,52,"Belascoáin"),
	(32,52,"Nogueira de Ramuín"),
	(33,52,"Proaza"),
	(34,52,"Castrillo de Villavega"),
	(36,52,"Silleda"),
	(37,52,"Boada"),
	(38,52,"Vilaflor"),
	(39,52,"Piélagos"),
	(40,52,"Cedillo de la Torre"),
	(41,52,"Lantejuela, La"),
	(42,52,"Caracena"),
	(43,52,"Xerta"),
	(44,52,"Calomarde"),
	(45,52,"Cobisa"),
	(46,52,"Benavites"),
	(47,52,"Cistérniga"),
	(48,52,"Larrabetzu"),
	(49,52,"Coomonte"),
	(50,52,"Bisimbre"),
	(1,53,"San Millán/Donemiliaga"),
	(2,53,"Munera"),
	(3,53,"Castalla"),
	(4,53,"Huércal-Overa"),
	(5,53,"Casasola"),
	(6,53,"Fuente del Arco"),
	(7,53,"Santa Eugènia"),
	(8,53,"Castellbell i el Vilar"),
	(10,53,"Casas de Don Gómez"),
	(12,53,"Chilches/Xilxes"),
	(13,53,"Manzanares"),
	(14,53,"Posadas"),
	(15,53,"Muros"),
	(16,53,"Cañizares"),
	(18,53,"Cortes de Baza"),
	(19,53,"Brihuega"),
	(20,53,"Lezo"),
	(21,53,"Niebla"),
	(22,53,"Benabarre"),
	(23,53,"Jódar"),
	(24,53,"Cebrones del Río"),
	(25,53,"Benavent de Segrià"),
	(26,53,"Corera"),
	(27,53,"Ribeira de Piquín"),
	(28,53,"Daganzo de Arriba"),
	(29,53,"Frigiliana"),
	(31,53,"Berbinzana"),
	(32,53,"Oímbra"),
	(33,53,"Quirós"),
	(34,53,"Castromocho"),
	(36,53,"Soutomaior"),
	(38,53,"Villa de Mazo"),
	(39,53,"Polaciones"),
	(40,53,"Cerezo de Abajo"),
	(41,53,"Lebrija"),
	(42,53,"Carrascosa de Abajo"),
	(43,53,"Duesaigües"),
	(44,53,"Camañas"),
	(45,53,"Consuegra"),
	(46,53,"Beneixida"),
	(47,53,"Cogeces de Íscar"),
	(48,53,"Laukiz"),
	(49,53,"Coreses"),
	(50,53,"Boquiñeni"),
	(1,54,"Urkabustaiz"),
	(2,54,"Navas de Jorquera"),
	(3,54,"Castell de Castells"),
	(4,54,"Illar"),
	(5,54,"Casavieja"),
	(6,54,"Fuente del Maestre"),
	(7,54,"Santa Eulalia del Río"),
	(8,54,"Castellbisbal"),
	(9,54,"Bozoó"),
	(10,54,"Casas del Castañar"),
	(13,54,"Membrilla"),
	(14,54,"Pozoblanco"),
	(15,54,"Narón"),
	(17,54,"Colera"),
	(18,54,"Cortes y Graena"),
	(19,54,"Budia"),
	(20,54,"Lizartza"),
	(21,54,"Palma del Condado, La"),
	(22,54,"Benasque"),
	(23,54,"Larva"),
	(24,54,"Cimanes de la Vega"),
	(26,54,"Cornago"),
	(27,54,"Riotorto"),
	(28,54,"Escorial, El"),
	(29,54,"Fuengirola"),
	(31,54,"Bertizarana"),
	(32,54,"Ourense"),
	(33,54,"Regueras, Las"),
	(36,54,"Tomiño"),
	(37,54,"Bodón, El"),
	(39,54,"Polanco"),
	(40,54,"Cerezo de Arriba"),
	(41,54,"Lora de Estepa"),
	(42,54,"Carrascosa de la Sierra"),
	(43,54,"Espluga de Francolí, L'"),
	(44,54,"Camarena de la Sierra"),
	(45,54,"Corral de Almaguer"),
	(46,54,"Benetússer"),
	(47,54,"Cogeces del Monte"),
	(48,54,"Leioa"),
	(49,54,"Corrales del Vino"),
	(50,54,"Bordalba"),
	(1,55,"Valdegovía/Gaubea"),
	(2,55,"Nerpio"),
	(3,55,"Catral"),
	(4,55,"Instinción"),
	(5,55,"Casillas"),
	(6,55,"Fuentes de León"),
	(7,55,"Santa Margalida"),
	(8,55,"Castellcir"),
	(9,55,"Brazacorta"),
	(10,55,"Casas del Monte"),
	(12,55,"Chodos/Xodos"),
	(13,55,"Mestanza"),
	(14,55,"Priego de Córdoba"),
	(15,55,"Neda"),
	(16,55,"Carboneras de Guadazaón"),
	(17,55,"Colomers"),
	(19,55,"Bujalaro"),
	(20,55,"Arrasate/Mondragón"),
	(21,55,"Palos de la Frontera"),
	(22,55,"Berbegal"),
	(23,55,"Linares"),
	(24,55,"Cimanes del Tejar"),
	(25,55,"Biosca"),
	(26,55,"Corporales"),
	(27,55,"Samos"),
	(28,55,"Estremera"),
	(29,55,"Fuente de Piedra"),
	(31,55,"Betelu"),
	(32,55,"Paderne de Allariz"),
	(33,55,"Ribadedeva"),
	(34,55,"Cervatos de la Cueza"),
	(36,55,"Tui"),
	(37,55,"Bogajo"),
	(39,55,"Potes"),
	(40,55,"Cilleruelo de San Mamés"),
	(41,55,"Lora del Río"),
	(42,55,"Casarejos"),
	(43,55,"Falset"),
	(44,55,"Camarillas"),
	(45,55,"Cuerva"),
	(46,55,"Beniarjó"),
	(47,55,"Corcos"),
	(48,55,"Lemoa"),
	(49,55,"Cotanes del Monte"),
	(50,55,"Borja"),
	(1,56,"Harana/Valle de Arana"),
	(2,56,"Ontur"),
	(3,56,"Cocentaina"),
	(4,56,"Laroya"),
	(5,56,"Castellanos de Zapardiel"),
	(6,56,"Garbayuela"),
	(7,56,"Santa María del Camí"),
	(8,56,"Castelldefels"),
	(9,56,"Briviesca"),
	(10,56,"Casas de Millán"),
	(12,56,"Chóvar"),
	(13,56,"Miguelturra"),
	(14,56,"Puente Genil"),
	(15,56,"Negreira"),
	(16,56,"Cardenete"),
	(17,56,"Cornellà del Terri"),
	(18,56,"Cúllar"),
	(20,56,"Mutriku"),
	(21,56,"Paterna del Campo"),
	(23,56,"Lopera"),
	(24,56,"Cistierna"),
	(25,56,"Bovera"),
	(26,56,"Cuzcurrita de Río Tirón"),
	(27,56,"Rábade"),
	(28,56,"Fresnedillas de la Oliva"),
	(29,56,"Gaucín"),
	(31,56,"Biurrun-Olcoz"),
	(32,56,"Padrenda"),
	(33,56,"Ribadesella"),
	(34,56,"Cervera de Pisuerga"),
	(36,56,"Valga"),
	(37,56,"Bouza, La"),
	(39,56,"Puente Viesgo"),
	(40,56,"Cobos de Fuentidueña"),
	(41,56,"Luisiana, La"),
	(42,56,"Castilfrío de la Sierra"),
	(43,56,"Fatarella, La"),
	(44,56,"Caminreal"),
	(45,56,"Chozas de Canales"),
	(46,56,"Beniatjar"),
	(47,56,"Corrales de Duero"),
	(48,56,"Lemoiz"),
	(49,56,"Cubillos"),
	(50,56,"Botorrita"),
	(1,57,"Villabuena de Álava/Eskuernaga"),
	(2,57,"Ossa de Montiel"),
	(3,57,"Confrides"),
	(4,57,"Láujar de Andarax"),
	(5,57,"Cebreros"),
	(6,57,"Garlitos"),
	(7,57,"Santanyí"),
	(8,57,"Castell de l'Areny"),
	(9,57,"Bugedo"),
	(10,57,"Casas de Miravete"),
	(12,57,"Eslida"),
	(13,57,"Montiel"),
	(14,57,"Rambla, La"),
	(15,57,"Noia"),
	(16,57,"Carrascosa"),
	(17,57,"Corçà"),
	(18,57,"Cúllar Vega"),
	(19,57,"Bustares"),
	(20,57,"Mutiloa"),
	(21,57,"Paymogo"),
	(22,57,"Bielsa"),
	(23,57,"Lupión"),
	(24,57,"Congosto"),
	(25,57,"Bòrdes, Es"),
	(26,57,"Daroca de Rioja"),
	(27,57,"Sarria"),
	(28,57,"Fresno de Torote"),
	(29,57,"Genalguacil"),
	(31,57,"Buñuel"),
	(32,57,"Parada de Sil"),
	(33,57,"Ribera de Arriba"),
	(34,57,"Cevico de la Torre"),
	(36,57,"Vigo"),
	(37,57,"Bóveda del Río Almar"),
	(39,57,"Ramales de la Victoria"),
	(40,57,"Coca"),
	(41,57,"Madroño, El"),
	(42,57,"Castilruiz"),
	(43,57,"Febró, La"),
	(45,57,"Chueca"),
	(46,57,"Benicolet"),
	(47,57,"Cubillas de Santa Marta"),
	(48,57,"Lekeitio"),
	(49,57,"Cubo de Benavente"),
	(50,57,"Brea de Aragón"),
	(1,58,"Legutio"),
	(2,58,"Paterna del Madera"),
	(3,58,"Cox"),
	(4,58,"Líjar"),
	(5,58,"Cepeda la Mora"),
	(6,58,"Garrovilla, La"),
	(7,58,"Selva"),
	(8,58,"Castellet i la Gornal"),
	(9,58,"Buniel"),
	(10,58,"Casatejada"),
	(12,58,"Espadilla"),
	(13,58,"Moral de Calatrava"),
	(14,58,"Rute"),
	(15,58,"Oleiros"),
	(16,58,"Carrascosa de Haro"),
	(17,58,"Crespià"),
	(19,58,"Cabanillas del Campo"),
	(20,58,"Olaberria"),
	(21,58,"Puebla de Guzmán"),
	(22,58,"Bierge"),
	(23,58,"Mancha Real"),
	(24,58,"Corbillos de los Oteros"),
	(25,58,"Borges Blanques, Les"),
	(26,58,"Enciso"),
	(27,58,"Saviñao, O"),
	(28,58,"Fuenlabrada"),
	(29,58,"Guaro"),
	(31,58,"Auritz/Burguete"),
	(32,58,"Pereiro de Aguiar, O"),
	(33,58,"Riosa"),
	(34,58,"Cevico Navero"),
	(36,58,"Vilaboa"),
	(37,58,"Brincones"),
	(39,58,"Rasines"),
	(40,58,"Codorniz"),
	(41,58,"Mairena del Alcor"),
	(42,58,"Castillejo de Robledo"),
	(43,58,"Figuera, La"),
	(45,58,"Domingo Pérez"),
	(46,58,"Benifairó de les Valls"),
	(47,58,"Cuenca de Campos"),
	(48,58,"Mallabia"),
	(49,58,"Cubo de Tierra del Vino, El"),
	(50,58,"Bubierca"),
	(1,59,"Vitoria-Gasteiz"),
	(2,59,"Peñascosa"),
	(3,59,"Crevillent"),
	(4,59,"Lubrín"),
	(5,59,"Cillán"),
	(6,59,"Granja de Torrehermosa"),
	(7,59,"Salines, Ses"),
	(8,59,"Castellfollit del Boix"),
	(9,59,"Burgos"),
	(10,59,"Casillas de Coria"),
	(12,59,"Fanzara"),
	(13,59,"Navalpino"),
	(14,59,"San Sebastián de los Ballesteros"),
	(15,59,"Ordes"),
	(18,59,"Chauchina"),
	(19,59,"Campillo de Dueñas"),
	(20,59,"Oñati"),
	(21,59,"Puerto Moral"),
	(22,59,"Biescas"),
	(23,59,"Marmolejo"),
	(24,59,"Corullón"),
	(25,59,"Bossòst"),
	(26,59,"Entrena"),
	(27,59,"Sober"),
	(28,59,"Fuente el Saz de Jarama"),
	(29,59,"Humilladero"),
	(31,59,"Burgui/Burgi"),
	(32,59,"Peroxa, A"),
	(33,59,"Salas"),
	(34,59,"Cisneros"),
	(36,59,"Vila de Cruces"),
	(37,59,"Buenamadre"),
	(39,59,"Reinosa"),
	(40,59,"Collado Hermoso"),
	(41,59,"Mairena del Aljarafe"),
	(42,59,"Centenera de Andaluz"),
	(43,59,"Figuerola del Camp"),
	(44,59,"Cantavieja"),
	(45,59,"Dosbarrios"),
	(46,59,"Benifairó de la Valldigna"),
	(47,59,"Curiel de Duero"),
	(48,59,"Mañaria"),
	(49,59,"Cuelgamures"),
	(50,59,"Bujaraloz"),
	(1,60,"Yécora/Iekora"),
	(2,60,"Peñas de San Pedro"),
	(3,60,"Quatretondeta"),
	(4,60,"Lucainena de las Torres"),
	(5,60,"Cisla"),
	(6,60,"Guareña"),
	(7,60,"Sineu"),
	(8,60,"Castellfollit de Riubregós"),
	(9,60,"Busto de Bureba"),
	(10,60,"Castañar de Ibor"),
	(12,60,"Figueroles"),
	(13,60,"Navas de Estena"),
	(14,60,"Santaella"),
	(15,60,"Oroso"),
	(16,60,"Casas de Benítez"),
	(17,60,"Darnius"),
	(19,60,"Campillo de Ranas"),
	(20,60,"Orexa"),
	(21,60,"Punta Umbría"),
	(22,60,"Binaced"),
	(23,60,"Martos"),
	(24,60,"Crémenes"),
	(25,60,"Cabanabona"),
	(26,60,"Estollo"),
	(27,60,"Taboada"),
	(28,60,"Fuentidueña de Tajo"),
	(29,60,"Igualeja"),
	(31,60,"Burlada/Burlata"),
	(32,60,"Petín"),
	(33,60,"San Martín del Rey Aurelio"),
	(34,60,"Cobos de Cerrato"),
	(36,60,"Vilagarcía de Arousa"),
	(37,60,"Buenavista"),
	(39,60,"Reocín"),
	(40,60,"Condado de Castilnovo"),
	(41,60,"Marchena"),
	(42,60,"Cerbón"),
	(43,60,"Flix"),
	(44,60,"Cañada de Benatanduz"),
	(45,60,"Erustes"),
	(46,60,"Benifaió"),
	(47,60,"Encinas de Esgueva"),
	(48,60,"Markina-Xemein"),
	(50,60,"Bulbuente"),
	(1,61,"Zalduondo"),
	(2,61,"Pétrola"),
	(3,61,"Daya Nueva"),
	(4,61,"Lúcar"),
	(5,61,"Colilla, La"),
	(6,61,"Haba, La"),
	(7,61,"Sóller"),
	(8,61,"Castellgalí"),
	(9,61,"Cabañes de Esgueva"),
	(10,61,"Ceclavín"),
	(12,61,"Forcall"),
	(13,61,"Pedro Muñoz"),
	(14,61,"Santa Eufemia"),
	(15,61,"Ortigueira"),
	(16,61,"Casas de Fernando Alonso"),
	(17,61,"Das"),
	(18,61,"Chimeneas"),
	(19,61,"Campisábalos"),
	(20,61,"Orio"),
	(21,61,"Rociana del Condado"),
	(22,61,"Binéfar"),
	(23,61,"Mengíbar"),
	(24,61,"Cuadros"),
	(25,61,"Cabó"),
	(26,61,"Ezcaray"),
	(27,61,"Trabada"),
	(28,61,"Galapagar"),
	(29,61,"Istán"),
	(31,61,"Busto, El"),
	(32,61,"Piñor"),
	(33,61,"San Martín de Oscos"),
	(34,61,"Collazos de Boedo"),
	(36,61,"Vilanova de Arousa"),
	(37,61,"Cabaco, El"),
	(39,61,"Ribamontán al Mar"),
	(40,61,"Corral de Ayllón"),
	(41,61,"Marinaleda"),
	(42,61,"Cidones"),
	(43,61,"Forès"),
	(44,61,"Cañada de Verich, La"),
	(45,61,"Escalona"),
	(46,61,"Beniflá"),
	(47,61,"Esguevillas de Esgueva"),
	(48,61,"Maruri-Jatabe"),
	(49,61,"Entrala"),
	(50,61,"Bureta"),
	(1,62,"Zambrana"),
	(2,62,"Povedilla"),
	(3,62,"Daya Vieja"),
	(4,62,"Macael"),
	(5,62,"Collado de Contreras"),
	(6,62,"Helechosa de los Montes"),
	(7,62,"Son Servera"),
	(8,62,"Castellnou de Bages"),
	(9,62,"Cabezón de la Sierra"),
	(10,62,"Cedillo"),
	(13,62,"Picón"),
	(14,62,"Torrecampo"),
	(15,62,"Outes"),
	(16,62,"Casas de Garcimolina"),
	(17,62,"Escala, L'"),
	(18,62,"Churriana de la Vega"),
	(20,62,"Ormaiztegi"),
	(21,62,"Rosal de la Frontera"),
	(22,62,"Bisaurri"),
	(23,62,"Montizón"),
	(24,62,"Cubillas de los Oteros"),
	(25,62,"Camarasa"),
	(26,62,"Foncea"),
	(27,62,"Triacastela"),
	(28,62,"Garganta de los Montes"),
	(29,62,"Iznate"),
	(31,62,"Cabanillas"),
	(32,62,"Porqueira"),
	(33,62,"Santa Eulalia de Oscos"),
	(34,62,"Congosto de Valdavia"),
	(37,62,"Cabezabellosa de la Calzada"),
	(39,62,"Ribamontán al Monte"),
	(40,62,"Cubillo"),
	(41,62,"Martín de la Jara"),
	(42,62,"Cigudosa"),
	(43,62,"Freginals"),
	(44,62,"Cañada Vellida"),
	(45,62,"Escalonilla"),
	(46,62,"Benigánim"),
	(47,62,"Fombellida"),
	(48,62,"Mendata"),
	(49,62,"Espadañedo"),
	(50,62,"Burgo de Ebro, El"),
	(1,63,"Zuia"),
	(2,63,"Pozohondo"),
	(3,63,"Dénia"),
	(4,63,"María"),
	(5,63,"Collado del Mirón"),
	(6,63,"Herrera del Duque"),
	(7,63,"Valldemossa"),
	(8,63,"Castellolí"),
	(9,63,"Cavia"),
	(10,63,"Cerezo"),
	(12,63,"Fuente la Reina"),
	(13,63,"Piedrabuena"),
	(14,63,"Valenzuela"),
	(15,63,"Oza dos Ríos"),
	(16,63,"Casas de Guijarro"),
	(17,63,"Espinelves"),
	(18,63,"Darro"),
	(20,63,"Oiartzun"),
	(21,63,"San Bartolomé de la Torre"),
	(22,63,"Biscarrués"),
	(23,63,"Navas de San Juan"),
	(24,63,"Cubillas de Rueda"),
	(25,63,"Canejan"),
	(26,63,"Fonzaleche"),
	(27,63,"Valadouro, O"),
	(28,63,"Gargantilla del Lozoya y Pinilla de Buitrago"),
	(29,63,"Jimera de Líbar"),
	(31,63,"Cabredo"),
	(32,63,"Pobra de Trives, A"),
	(33,63,"San Tirso de Abres"),
	(34,63,"Cordovilla la Real"),
	(37,63,"Cabeza de Béjar, La"),
	(39,63,"Rionansa"),
	(40,63,"Cuéllar"),
	(41,63,"Molares, Los"),
	(42,63,"Cihuela"),
	(43,63,"Galera, La"),
	(44,63,"Cañizar del Olivar"),
	(45,63,"Espinoso del Rey"),
	(46,63,"Benimodo"),
	(47,63,"Fompedraza"),
	(48,63,"Mendexa"),
	(49,63,"Faramontanos de Tábara"),
	(50,63,"Buste, El"),
	(2,64,"Pozo-Lorente"),
	(3,64,"Dolores"),
	(4,64,"Mojácar"),
	(5,64,"Constanzana"),
	(6,64,"Higuera de la Serena"),
	(7,64,"Castell, Es"),
	(8,64,"Castellterçol"),
	(9,64,"Caleruega"),
	(10,64,"Cilleros"),
	(12,64,"Fuentes de Ayódar"),
	(13,64,"Poblete"),
	(14,64,"Valsequillo"),
	(15,64,"Paderne"),
	(16,64,"Casas de Haro"),
	(17,64,"Espolla"),
	(18,64,"Dehesas de Guadix"),
	(19,64,"Canredondo"),
	(20,64,"Pasaia"),
	(21,64,"San Juan del Puerto"),
	(22,64,"Blecua y Torres"),
	(23,64,"Noalejo"),
	(24,64,"Cubillos del Sil"),
	(25,64,"Castellar de la Ribera"),
	(26,64,"Fuenmayor"),
	(27,64,"Vicedo, O"),
	(28,64,"Gascones"),
	(29,64,"Jubrique"),
	(31,64,"Cadreita"),
	(32,64,"Pontedeva"),
	(33,64,"Santo Adriano"),
	(39,64,"Riotuerto"),
	(41,64,"Montellano"),
	(42,64,"Ciria"),
	(43,64,"Gandesa"),
	(44,64,"Cascante del Río"),
	(45,64,"Esquivias"),
	(46,64,"Benimuslem"),
	(47,64,"Fontihoyuelo"),
	(48,64,"Meñaka"),
	(49,64,"Fariza"),
	(50,64,"Cabañas de Ebro"),
	(2,65,"Pozuelo"),
	(3,65,"Elche/Elx"),
	(4,65,"Nacimiento"),
	(5,65,"Crespos"),
	(6,65,"Higuera de Llerena"),
	(7,65,"Vilafranca de Bonany"),
	(8,65,"Castellví de la Marca"),
	(9,65,"Campillo de Aranda"),
	(10,65,"Collado"),
	(12,65,"Gaibiel"),
	(13,65,"Porzuna"),
	(14,65,"Victoria, La"),
	(15,65,"Padrón"),
	(16,65,"Casas de los Pinos"),
	(17,65,"Esponellà"),
	(19,65,"Cantalojas"),
	(20,65,"Soraluze/Placencia de las Armas"),
	(21,65,"Sanlúcar de Guadiana"),
	(23,65,"Orcera"),
	(24,65,"Chozas de Abajo"),
	(26,65,"Galbárruli"),
	(27,65,"Vilalba"),
	(28,65,"Getafe"),
	(29,65,"Júzcar"),
	(31,65,"Caparroso"),
	(32,65,"Punxín"),
	(33,65,"Sariego"),
	(37,65,"Cabeza del Caballo"),
	(39,65,"Rozas de Valdearroyo, Las"),
	(40,65,"Chañe"),
	(41,65,"Morón de la Frontera"),
	(42,65,"Cirujales del Río"),
	(43,65,"Garcia"),
	(44,65,"Castejón de Tornos"),
	(45,65,"Estrella, La"),
	(46,65,"Beniparrell"),
	(47,65,"Fresno el Viejo"),
	(48,65,"Ugao-Miraballes"),
	(49,65,"Fermoselle"),
	(50,65,"Cabolafuente"),
	(2,66,"Recueja, La"),
	(3,66,"Elda"),
	(4,66,"Níjar"),
	(5,66,"Cuevas del Valle"),
	(6,66,"Higuera de Vargas"),
	(8,66,"Castellví de Rosanes"),
	(9,66,"Campolara"),
	(10,66,"Conquista de la Sierra"),
	(13,66,"Pozuelo de Calatrava"),
	(14,66,"Villa del Río"),
	(15,66,"Pino, O"),
	(16,66,"Casasimarro"),
	(17,66,"Figueres"),
	(18,66,"Deifontes"),
	(19,66,"Cañizar"),
	(20,66,"Errezil"),
	(21,66,"San Silvestre de Guzmán"),
	(22,66,"Boltaña"),
	(23,66,"Peal de Becerro"),
	(24,66,"Destriana"),
	(26,66,"Galilea"),
	(27,66,"Viveiro"),
	(28,66,"Griñón"),
	(29,66,"Macharaviaya"),
	(31,66,"Cárcar"),
	(32,66,"Quintela de Leirado"),
	(33,66,"Siero"),
	(34,66,"Cubillas de Cerrato"),
	(39,66,"Ruente"),
	(41,66,"Navas de la Concepción, Las"),
	(43,66,"Garidells, Els"),
	(44,66,"Castel de Cabra"),
	(45,66,"Fuensalida"),
	(46,66,"Benirredrà"),
	(47,66,"Fuensaldaña"),
	(48,66,"Morga"),
	(49,66,"Ferreras de Abajo"),
	(50,66,"Cadrete"),
	(2,67,"Riópar"),
	(3,67,"Facheca"),
	(4,67,"Ohanes"),
	(5,67,"Chamartín"),
	(6,67,"Higuera la Real"),
	(8,67,"Centelles"),
	(9,67,"Canicosa de la Sierra"),
	(10,67,"Coria"),
	(12,67,"Geldo"),
	(13,67,"Pozuelos de Calatrava, Los"),
	(14,67,"Villafranca de Córdoba"),
	(15,67,"Pobra do Caramiñal, A"),
	(16,67,"Castejón"),
	(17,67,"Flaçà"),
	(18,67,"Diezma"),
	(19,67,"Cardoso de la Sierra, El"),
	(20,67,"Errenteria"),
	(21,67,"Santa Ana la Real"),
	(22,67,"Bonansa"),
	(23,67,"Pegalajar"),
	(24,67,"Encinedo"),
	(25,67,"Castelldans"),
	(26,67,"Gallinero de Cameros"),
	(28,67,"Guadalix de la Sierra"),
	(29,67,"Málaga"),
	(31,67,"Carcastillo"),
	(32,67,"Rairiz de Veiga"),
	(33,67,"Sobrescobio"),
	(34,67,"Dehesa de Montejo"),
	(37,67,"Cabrerizos"),
	(39,67,"Ruesga"),
	(41,67,"Olivares"),
	(43,67,"Ginestar"),
	(44,67,"Castelnou"),
	(45,67,"Gálvez"),
	(46,67,"Benisanó"),
	(47,67,"Fuente el Sol"),
	(48,67,"Muxika"),
	(49,67,"Ferreras de Arriba"),
	(50,67,"Calatayud"),
	(2,68,"Robledo"),
	(3,68,"Famorca"),
	(4,68,"Olula de Castro"),
	(6,68,"Hinojosa del Valle"),
	(8,68,"Cervelló"),
	(9,68,"Cantabrana"),
	(10,68,"Cuacos de Yuste"),
	(12,68,"Herbés"),
	(13,68,"Puebla de Don Rodrigo"),
	(14,68,"Villaharta"),
	(15,68,"Ponteceso"),
	(16,68,"Castillejo de Iniesta"),
	(17,68,"Foixà"),
	(18,68,"Dílar"),
	(20,68,"Leintz-Gatzaga"),
	(21,68,"Santa Bárbara de Casa"),
	(22,68,"Borau"),
	(24,68,"Ercina, La"),
	(25,68,"Castellnou de Seana"),
	(26,68,"Gimileo"),
	(28,68,"Guadarrama"),
	(29,68,"Manilva"),
	(31,68,"Cascante"),
	(32,68,"Ramirás"),
	(33,68,"Somiedo"),
	(34,68,"Dehesa de Romanos"),
	(37,68,"Cabrillas"),
	(39,68,"Ruiloba"),
	(40,68,"Domingo García"),
	(41,68,"Osuna"),
	(42,68,"Coscurita"),
	(43,68,"Godall"),
	(44,68,"Castelserás"),
	(45,68,"Garciotum"),
	(46,68,"Benissoda"),
	(47,68,"Fuente-Olmedo"),
	(48,68,"Mundaka"),
	(49,68,"Ferreruela"),
	(50,68,"Calatorao"),
	(2,69,"Roda, La"),
	(3,69,"Finestrat"),
	(4,69,"Olula del Río"),
	(5,69,"Donjimeno"),
	(6,69,"Hornachos"),
	(8,69,"Collbató"),
	(10,69,"Cumbre, La"),
	(12,69,"Higueras"),
	(13,69,"Puebla del Príncipe"),
	(14,69,"Villanueva de Córdoba"),
	(15,69,"Pontedeume"),
	(17,69,"Fontanals de Cerdanya"),
	(18,69,"Dólar"),
	(20,69,"Donostia-San Sebastián"),
	(21,69,"Santa Olalla del Cala"),
	(22,69,"Broto"),
	(23,69,"Porcuna"),
	(24,69,"Escobar de Campos"),
	(25,69,"Castelló de Farfanya"),
	(26,69,"Grañón"),
	(28,69,"Hiruela, La"),
	(29,69,"Marbella"),
	(31,69,"Cáseda"),
	(32,69,"Ribadavia"),
	(33,69,"Soto del Barco"),
	(34,69,"Dueñas"),
	(37,69,"Calvarrasa de Abajo"),
	(39,69,"San Felices de Buelna"),
	(40,69,"Donhierro"),
	(41,69,"Palacios y Villafranca, Los"),
	(42,69,"Covaleda"),
	(43,69,"Gratallops"),
	(45,69,"Gerindote"),
	(46,69,"Benisuera"),
	(47,69,"Gallegos de Hornija"),
	(48,69,"Mungia"),
	(49,69,"Figueruela de Arriba"),
	(50,69,"Calcena"),
	(2,70,"Salobre"),
	(3,70,"Formentera del Segura"),
	(4,70,"Oria"),
	(5,70,"Donvidas"),
	(6,70,"Jerez de los Caballeros"),
	(8,70,"Collsuspina"),
	(9,70,"Carazo"),
	(10,70,"Deleitosa"),
	(12,70,"Jana, la"),
	(13,70,"Puerto Lápice"),
	(14,70,"Villanueva del Duque"),
	(15,70,"Pontes de García Rodríguez, As"),
	(16,70,"Castillejo-Sierra"),
	(17,70,"Fontanilles"),
	(18,70,"Dúdar"),
	(19,70,"Casa de Uceda"),
	(20,70,"Segura"),
	(21,70,"Trigueros"),
	(23,70,"Pozo Alcón"),
	(24,70,"Fabero"),
	(25,70,"Castellserà"),
	(26,70,"Grávalos"),
	(28,70,"Horcajo de la Sierra-Aoslos"),
	(29,70,"Mijas"),
	(31,70,"Castejón"),
	(32,70,"San Xoán de Río"),
	(33,70,"Tapia de Casariego"),
	(34,70,"Espinosa de Cerrato"),
	(37,70,"Calvarrasa de Arriba"),
	(39,70,"San Miguel de Aguayo"),
	(40,70,"Duruelo"),
	(41,70,"Palomares del Río"),
	(42,70,"Cubilla"),
	(43,70,"Guiamets, Els"),
	(44,70,"Castellar, El"),
	(45,70,"Guadamur"),
	(46,70,"Bétera"),
	(47,70,"Gatón de Campos"),
	(48,70,"Aulesti"),
	(50,70,"Calmarza"),
	(2,71,"San Pedro"),
	(3,71,"Gata de Gorgos"),
	(4,71,"Padules"),
	(6,71,"Lapa, La"),
	(8,71,"Copons"),
	(9,71,"Carcedo de Bureba"),
	(10,71,"Descargamaría"),
	(12,71,"Jérica"),
	(13,71,"Puertollano"),
	(14,71,"Villanueva del Rey"),
	(15,71,"Porto do Son"),
	(16,71,"Castillo-Albaráñez"),
	(17,71,"Fontcoberta"),
	(18,71,"Dúrcal"),
	(19,71,"Casar, El"),
	(20,71,"Tolosa"),
	(21,71,"Valdelarco"),
	(23,71,"Puente de Génave"),
	(24,71,"Folgoso de la Ribera"),
	(25,71,"Cava"),
	(26,71,"Haro"),
	(28,71,"Horcajuelo de la Sierra"),
	(29,71,"Moclinejo"),
	(31,71,"Castillonuevo"),
	(32,71,"Riós"),
	(33,71,"Taramundi"),
	(34,71,"Espinosa de Villagonzalo"),
	(37,71,"Calzada de Béjar, La"),
	(39,71,"San Pedro del Romeral"),
	(40,71,"Encinas"),
	(41,71,"Paradas"),
	(42,71,"Cubo de la Solana"),
	(43,71,"Horta de Sant Joan"),
	(44,71,"Castellote"),
	(45,71,"Guardia, La"),
	(46,71,"Bicorp"),
	(47,71,"Geria"),
	(48,71,"Muskiz"),
	(49,71,"Fonfría"),
	(50,71,"Campillo de Aragón"),
	(2,72,"Socovos"),
	(3,72,"Gaianes"),
	(4,72,"Partaloa"),
	(5,72,"Espinosa de los Caballeros"),
	(6,72,"Lobón"),
	(8,72,"Corbera de Llobregat"),
	(9,72,"Carcedo de Burgos"),
	(10,72,"Eljas"),
	(12,72,"Lucena del Cid"),
	(13,72,"Retuerta del Bullaque"),
	(14,72,"Villaralto"),
	(15,72,"Rianxo"),
	(16,72,"Castillo de Garcimuñoz"),
	(18,72,"Escúzar"),
	(20,72,"Urnieta"),
	(21,72,"Valverde del Camino"),
	(22,72,"Caldearenas"),
	(23,72,"Puerta de Segura, La"),
	(25,72,"Cervera"),
	(26,72,"Herce"),
	(28,72,"Hoyo de Manzanares"),
	(29,72,"Mollina"),
	(31,72,"Cintruénigo"),
	(32,72,"Rúa, A"),
	(33,72,"Teverga"),
	(34,72,"Frechilla"),
	(37,72,"Calzada de Don Diego"),
	(39,72,"San Roque de Riomiera"),
	(40,72,"Encinillas"),
	(41,72,"Pedrera"),
	(43,72,"Lloar, El"),
	(45,72,"Herencias, Las"),
	(46,72,"Bocairent"),
	(48,72,"Otxandio"),
	(50,72,"Carenas"),
	(2,73,"Tarazona de la Mancha"),
	(3,73,"Gorga"),
	(4,73,"Paterna del Río"),
	(5,73,"Flores de Ávila"),
	(6,73,"Llera"),
	(8,73,"Cornellà de Llobregat"),
	(9,73,"Cardeñadijo"),
	(10,73,"Escurial"),
	(12,73,"Ludiente"),
	(13,73,"Saceruela"),
	(14,73,"Villaviciosa de Córdoba"),
	(15,73,"Ribeira"),
	(16,73,"Cervera del Llano"),
	(17,73,"Fornells de la Selva"),
	(19,73,"Casas de San Galindo"),
	(20,73,"Usurbil"),
	(21,73,"Villablanca"),
	(23,73,"Quesada"),
	(24,73,"Fresno de la Vega"),
	(25,73,"Cervià de les Garrigues"),
	(26,73,"Herramélluri"),
	(28,73,"Humanes de Madrid"),
	(29,73,"Monda"),
	(31,73,"Ziordia"),
	(32,73,"Rubiá"),
	(33,73,"Tineo"),
	(34,73,"Fresno del Río"),
	(37,73,"Calzada de Valdunciel"),
	(39,73,"Santa Cruz de Bezana"),
	(40,73,"Escalona del Prado"),
	(41,73,"Pedroso, El"),
	(42,73,"Cueva de Ágreda"),
	(43,73,"Llorac"),
	(45,73,"Herreruela de Oropesa"),
	(46,73,"Bolbaite"),
	(47,73,"Herrín de Campos"),
	(48,73,"Ondarroa"),
	(50,73,"Cariñena"),
	(2,74,"Tobarra"),
	(3,74,"Granja de Rocamora"),
	(4,74,"Pechina"),
	(5,74,"Fontiveros"),
	(6,74,"Llerena"),
	(8,74,"Cubelles"),
	(9,74,"Cardeñajimeno"),
	(12,74,"Llosa, la"),
	(13,74,"San Carlos del Valle"),
	(14,74,"Viso, El"),
	(15,74,"Rois"),
	(16,74,"Cierva, La"),
	(17,74,"Fortià"),
	(18,74,"Ferreira"),
	(19,74,"Caspueñas"),
	(20,74,"Bergara"),
	(21,74,"Villalba del Alcor"),
	(22,74,"Campo"),
	(23,74,"Rus"),
	(24,74,"Fuentes de Carbajal"),
	(25,74,"Ciutadilla"),
	(26,74,"Hervías"),
	(28,74,"Leganés"),
	(29,74,"Montejaque"),
	(31,74,"Cirauqui/Zirauki"),
	(32,74,"San Amaro"),
	(33,74,"Vegadeo"),
	(34,74,"Frómista"),
	(37,74,"Campillo de Azaba"),
	(39,74,"Santa María de Cayón"),
	(40,74,"Escarabajosa de Cabezas"),
	(41,74,"Peñaflor"),
	(43,74,"Llorenç del Penedès"),
	(44,74,"Cedrillas"),
	(45,74,"Hinojosa de San Vicente"),
	(46,74,"Bonrepòs i Mirambell"),
	(47,74,"Hornillos de Eresma"),
	(48,74,"Urduña/Orduña"),
	(50,74,"Caspe"),
	(2,75,"Valdeganga"),
	(3,75,"Castell de Guadalest, el"),
	(4,75,"Pulpí"),
	(5,75,"Fresnedilla"),
	(6,75,"Magacela"),
	(8,75,"Dosrius"),
	(9,75,"Cardeñuela Riopico"),
	(10,75,"Fresnedoso de Ibor"),
	(12,75,"Mata de Morella, la"),
	(13,75,"San Lorenzo de Calatrava"),
	(14,75,"Zuheros"),
	(15,75,"Sada"),
	(17,75,"Garrigàs"),
	(19,75,"Castejón de Henares"),
	(20,75,"Villabona"),
	(21,75,"Villanueva de las Cruces"),
	(22,75,"Camporrélls"),
	(23,75,"Sabiote"),
	(25,75,"Clariana de Cardener"),
	(26,75,"Hormilla"),
	(28,75,"Loeches"),
	(29,75,"Nerja"),
	(31,75,"Ciriza/Ziritza"),
	(32,75,"San Cibrao das Viñas"),
	(33,75,"Villanueva de Oscos"),
	(39,75,"Santander"),
	(40,75,"Escobar de Polendos"),
	(41,75,"Pilas"),
	(42,75,"Dévanos"),
	(43,75,"Margalef"),
	(44,75,"Celadas"),
	(45,75,"Hontanar"),
	(46,75,"Bufali"),
	(47,75,"Íscar"),
	(48,75,"Orozko"),
	(49,75,"Fresno de la Polvorosa"),
	(50,75,"Castejón de Alarba"),
	(2,76,"Vianos"),
	(3,76,"Guardamar del Segura"),
	(4,76,"Purchena"),
	(5,76,"Fresno, El"),
	(6,76,"Maguilla"),
	(8,76,"Esparreguera"),
	(9,76,"Carrias"),
	(10,76,"Galisteo"),
	(12,76,"Matet"),
	(13,76,"Santa Cruz de los Cáñamos"),
	(15,76,"San Sadurniño"),
	(17,76,"Garrigoles"),
	(18,76,"Fonelas"),
	(19,76,"Castellar de la Muela"),
	(20,76,"Ordizia"),
	(21,76,"Villanueva de los Castillejos"),
	(22,76,"Canal de Berdún"),
	(23,76,"Santa Elena"),
	(24,76,"Garrafe de Torío"),
	(25,76,"Cogul, El"),
	(26,76,"Hormilleja"),
	(28,76,"Lozoya"),
	(29,76,"Ojén"),
	(31,76,"Cizur"),
	(32,76,"San Cristovo de Cea"),
	(33,76,"Villaviciosa"),
	(34,76,"Fuentes de Nava"),
	(39,76,"Santillana del Mar"),
	(40,76,"Espinar, El"),
	(41,76,"Pruna"),
	(42,76,"Deza"),
	(43,76,"Marçà"),
	(44,76,"Cella"),
	(45,76,"Hormigos"),
	(46,76,"Bugarra"),
	(47,76,"Laguna de Duero"),
	(48,76,"Sukarrieta"),
	(49,76,"Fresno de la Ribera"),
	(50,76,"Castejón de las Armas"),
	(2,77,"Villa de Ves"),
	(3,77,"Fondó de les Neus, el/Hondón de las Nieves"),
	(4,77,"Rágol"),
	(5,77,"Fuente el Saúz"),
	(6,77,"Malcocinado"),
	(8,77,"Esplugues de Llobregat"),
	(9,77,"Cascajares de Bureba"),
	(10,77,"Garciaz"),
	(12,77,"Moncofa"),
	(13,77,"Santa Cruz de Mudela"),
	(15,77,"Santa Comba"),
	(17,77,"Garriguella"),
	(20,77,"Urretxu"),
	(21,77,"Villarrasa"),
	(22,77,"Candasnos"),
	(23,77,"Santiago de Calatrava"),
	(24,77,"Gordaliza del Pino"),
	(25,77,"Coll de Nargó"),
	(26,77,"Hornillos de Cameros"),
	(29,77,"Parauta"),
	(31,77,"Corella"),
	(32,77,"Sandiás"),
	(33,77,"Villayón"),
	(34,77,"Fuentes de Valdepero"),
	(37,77,"Campo de Peñaranda, El"),
	(39,77,"Santiurde de Reinosa"),
	(40,77,"Espirdo"),
	(41,77,"Puebla de Cazalla, La"),
	(43,77,"Mas de Barberans"),
	(44,77,"Cerollera, La"),
	(45,77,"Huecas"),
	(46,77,"Buñol"),
	(47,77,"Langayo"),
	(48,77,"Plentzia"),
	(49,77,"Fresno de Sayago"),
	(50,77,"Castejón de Valdejasa"),
	(2,78,"Villalgordo del Júcar"),
	(3,78,"Hondón de los Frailes"),
	(4,78,"Rioja"),
	(5,78,"Fuentes de Año"),
	(6,78,"Malpartida de la Serena"),
	(8,78,"Espunyola, L'"),
	(9,78,"Cascajares de la Sierra"),
	(10,78,"Garganta, La"),
	(12,78,"Montán"),
	(13,78,"Socuéllamos"),
	(15,78,"Santiago de Compostela"),
	(16,78,"Cuenca"),
	(17,78,"Ger"),
	(18,78,"Freila"),
	(19,78,"Castilforte"),
	(20,78,"Zaldibia"),
	(21,78,"Zalamea la Real"),
	(22,78,"Canfranc"),
	(24,78,"Gordoncillo"),
	(25,78,"Corbins"),
	(26,78,"Hornos de Moncalvillo"),
	(28,78,"Madarcos"),
	(31,78,"Cortes"),
	(32,78,"Sarreaus"),
	(33,78,"Yernes y Tameza"),
	(37,78,"Candelario"),
	(39,78,"Santiurde de Toranzo"),
	(40,78,"Fresneda de Cuéllar"),
	(41,78,"Puebla de los Infantes, La"),
	(42,78,"Duruelo de la Sierra"),
	(43,78,"Masdenverge"),
	(45,78,"Huerta de Valdecarábanos"),
	(46,78,"Burjassot"),
	(47,78,"Lomoviejo"),
	(48,78,"Portugalete"),
	(49,78,"Friera de Valverde"),
	(50,78,"Castiliscar"),
	(2,79,"Villamalea"),
	(3,79,"Ibi"),
	(4,79,"Roquetas de Mar"),
	(5,79,"Gallegos de Altamiros"),
	(6,79,"Manchita"),
	(8,79,"Estany, L'"),
	(9,79,"Castellanos de Castro"),
	(10,79,"Garganta la Olla"),
	(12,79,"Montanejos"),
	(13,79,"Solana, La"),
	(15,79,"Santiso"),
	(16,79,"Cueva del Hierro"),
	(17,79,"Girona"),
	(18,79,"Fuente Vaqueros"),
	(19,79,"Castilnuevo"),
	(20,79,"Zarautz"),
	(21,79,"Zufre"),
	(22,79,"Capdesaso"),
	(23,79,"Santisteban del Puerto"),
	(24,79,"Gradefes"),
	(25,79,"Cubells"),
	(26,79,"Huércanos"),
	(28,79,"Madrid"),
	(29,79,"Periana"),
	(31,79,"Desojo"),
	(32,79,"Taboadela"),
	(34,79,"Grijota"),
	(37,79,"Canillas de Abajo"),
	(39,79,"Santoña"),
	(40,79,"Fresno de Cantespino"),
	(41,79,"Puebla del Río, La"),
	(42,79,"Escobosa de Almazán"),
	(43,79,"Masllorenç"),
	(45,79,"Iglesuela, La"),
	(46,79,"Calles"),
	(47,79,"Llano de Olmedo"),
	(48,79,"Errigoiti"),
	(49,79,"Fuente Encalada"),
	(50,79,"Cervera de la Cañada"),
	(2,80,"Villapalacios"),
	(3,80,"Jacarilla"),
	(4,80,"Santa Cruz de Marchena"),
	(5,80,"Gallegos de Sobrinos"),
	(6,80,"Medellín"),
	(8,80,"Fígols"),
	(10,80,"Gargantilla"),
	(12,80,"Morella"),
	(13,80,"Solana del Pino"),
	(15,80,"Sobrado"),
	(17,80,"Gombrèn"),
	(19,80,"Cendejas de Enmedio"),
	(20,80,"Zumarraga"),
	(22,80,"Capella"),
	(23,80,"Santo Tomé"),
	(24,80,"Grajal de Campos"),
	(26,80,"Igea"),
	(28,80,"Majadahonda"),
	(29,80,"Pizarra"),
	(31,80,"Dicastillo"),
	(32,80,"Teixeira, A"),
	(34,80,"Guardo"),
	(37,80,"Cantagallo"),
	(39,80,"San Vicente de la Barquera"),
	(40,80,"Fresno de la Fuente"),
	(41,80,"Real de la Jara, El"),
	(42,80,"Espeja de San Marcelino"),
	(43,80,"Masó, La"),
	(44,80,"Codoñera, La"),
	(45,80,"Illán de Vacas"),
	(46,80,"Camporrobles"),
	(47,80,"Manzanillo"),
	(48,80,"Valle de Trápaga-Trapagaran"),
	(49,80,"Fuentelapeña"),
	(50,80,"Cerveruela"),
	(2,81,"Villarrobledo"),
	(3,81,"Xaló"),
	(4,81,"Santa Fe de Mondújar"),
	(5,81,"Garganta del Villar"),
	(6,81,"Medina de las Torres"),
	(8,81,"Fogars de Montclús"),
	(10,81,"Gargüera"),
	(12,81,"Navajas"),
	(13,81,"Terrinches"),
	(15,81,"Somozas, As"),
	(16,81,"Chumillas"),
	(17,81,"Gualta"),
	(19,81,"Cendejas de la Torre"),
	(20,81,"Zumaia"),
	(22,81,"Casbas de Huesca"),
	(23,81,"Segura de la Sierra"),
	(24,81,"Gusendos de los Oteros"),
	(25,81,"Espluga Calba, L'"),
	(26,81,"Jalón de Cameros"),
	(29,81,"Pujerra"),
	(31,81,"Donamaria"),
	(32,81,"Toén"),
	(34,81,"Guaza de Campos"),
	(37,81,"Cantalapiedra"),
	(39,81,"Saro"),
	(40,81,"Frumales"),
	(41,81,"Rinconada, La"),
	(42,81,"Espejón"),
	(43,81,"Maspujols"),
	(45,81,"Illescas"),
	(46,81,"Canals"),
	(47,81,"Marzales"),
	(48,81,"Lezama"),
	(49,81,"Fuentesaúco"),
	(50,81,"Cetina"),
	(2,82,"Villatoya"),
	(3,82,"Jávea/Xàbia"),
	(4,82,"Senés"),
	(5,82,"Gavilanes"),
	(6,82,"Mengabril"),
	(8,82,"Fogars de la Selva"),
	(9,82,"Castildelgado"),
	(10,82,"Garrovillas de Alconétar"),
	(12,82,"Nules"),
	(13,82,"Tomelloso"),
	(15,82,"Teo"),
	(16,82,"Enguídanos"),
	(17,82,"Guils de Cerdanya"),
	(18,82,"Galera"),
	(19,82,"Centenera"),
	(22,82,"Castejón del Puente"),
	(23,82,"Siles"),
	(24,82,"Hospital de Órbigo"),
	(25,82,"Espot"),
	(26,82,"Laguna de Cameros"),
	(28,82,"Manzanares el Real"),
	(29,82,"Rincón de la Victoria"),
	(31,82,"Etxalar"),
	(32,82,"Trasmiras"),
	(34,82,"Hérmedes de Cerrato"),
	(37,82,"Cantalpino"),
	(39,82,"Selaya"),
	(40,82,"Fuente de Santa Cruz"),
	(41,82,"Roda de Andalucía, La"),
	(42,82,"Estepa de San Juan"),
	(43,82,"Masroig, El"),
	(44,82,"Corbalán"),
	(45,82,"Lagartera"),
	(46,82,"Canet d'En Berenguer"),
	(47,82,"Matapozuelos"),
	(48,82,"Santurtzi"),
	(49,82,"Fuentes de Ropel"),
	(50,82,"Cimballa"),
	(2,83,"Villavaliente"),
	(3,83,"Jijona/Xixona"),
	(4,83,"Serón"),
	(5,83,"Gemuño"),
	(6,83,"Mérida"),
	(8,83,"Folgueroles"),
	(9,83,"Castil de Peones"),
	(10,83,"Garvín"),
	(12,83,"Olocau del Rey"),
	(13,83,"Torralba de Calatrava"),
	(15,83,"Toques"),
	(16,83,"Fresneda de Altarejos"),
	(17,83,"Hostalric"),
	(18,83,"Gobernador"),
	(22,83,"Castejón de Monegros"),
	(24,83,"Igüeña"),
	(26,83,"Lagunilla del Jubera"),
	(28,83,"Meco"),
	(29,83,"Riogordo"),
	(31,83,"Echarri"),
	(32,83,"Veiga, A"),
	(34,83,"Herrera de Pisuerga"),
	(37,83,"Cantaracillo"),
	(39,83,"Soba"),
	(40,83,"Fuente el Olmo de Fuentidueña"),
	(41,83,"Ronquillo, El"),
	(42,83,"Frechilla de Almazán"),
	(43,83,"Milà, El"),
	(45,83,"Layos"),
	(46,83,"Carcaixent"),
	(47,83,"Matilla de los Caños"),
	(48,83,"Ortuella"),
	(49,83,"Fuentesecas"),
	(50,83,"Cinco Olivas"),
	(2,84,"Villaverde de Guadalimar"),
	(3,84,"Lorcha/Orxa, l'"),
	(4,84,"Sierro"),
	(5,84,"Gilbuena"),
	(6,84,"Mirandilla"),
	(8,84,"Fonollosa"),
	(9,84,"Castrillo de la Reina"),
	(10,84,"Gata"),
	(12,84,"Onda"),
	(13,84,"Torre de Juan Abad"),
	(15,84,"Tordoia"),
	(16,84,"Fresneda de la Sierra"),
	(17,84,"Isòvol"),
	(18,84,"Gójar"),
	(22,84,"Castejón de Sos"),
	(23,84,"Sorihuela del Guadalimar"),
	(24,84,"Izagre"),
	(26,84,"Lardero"),
	(28,84,"Mejorada del Campo"),
	(29,84,"Ronda"),
	(31,84,"Etxarri-Aranatz"),
	(32,84,"Verea"),
	(34,84,"Herrera de Valdecañas"),
	(39,84,"Solórzano"),
	(40,84,"Fuente el Olmo de Íscar"),
	(41,84,"Rubio, El"),
	(42,84,"Fresno de Caracena"),
	(43,84,"Miravet"),
	(44,84,"Cortes de Aragón"),
	(45,84,"Lillo"),
	(46,84,"Càrcer"),
	(47,84,"Mayorga"),
	(48,84,"Sestao"),
	(49,84,"Fuentespreadas"),
	(50,84,"Clarés de Ribota"),
	(2,85,"Viveros"),
	(3,85,"Llíber"),
	(4,85,"Somontín"),
	(5,85,"Gil García"),
	(6,85,"Monesterio"),
	(8,85,"Font-rubí"),
	(9,85,"Castrillo de la Vega"),
	(10,85,"Gordo, El"),
	(12,85,"Oropesa del Mar/Orpesa"),
	(13,85,"Torrenueva"),
	(15,85,"Touro"),
	(16,85,"Frontera, La"),
	(17,85,"Jafre"),
	(18,85,"Gor"),
	(22,85,"Castelflorite"),
	(23,85,"Torreblascopedro"),
	(25,85,"Estaràs"),
	(28,85,"Miraflores de la Sierra"),
	(29,85,"Salares"),
	(31,85,"Etxauri"),
	(32,85,"Verín"),
	(37,85,"Carbajosa de la Sagrada"),
	(39,85,"Suances"),
	(41,85,"Salteras"),
	(42,85,"Fuentearmegil"),
	(43,85,"Molar, El"),
	(44,85,"Cosa"),
	(45,85,"Lominchar"),
	(46,85,"Carlet"),
	(47,85,"Medina del Campo"),
	(48,85,"Sopelana"),
	(49,85,"Galende"),
	(50,85,"Codo"),
	(2,86,"Yeste"),
	(3,86,"Millena"),
	(4,86,"Sorbas"),
	(5,86,"Gimialcón"),
	(6,86,"Montemolín"),
	(8,86,"Franqueses del Vallès, Les"),
	(9,86,"Castrillo del Val"),
	(10,86,"Granja, La"),
	(13,86,"Valdemanco del Esteras"),
	(15,86,"Trazo"),
	(16,86,"Fuente de Pedro Naharro"),
	(17,86,"Jonquera, La"),
	(18,86,"Gorafe"),
	(19,86,"Cifuentes"),
	(22,86,"Castiello de Jaca"),
	(23,86,"Torre del Campo"),
	(24,86,"Joarilla de las Matas"),
	(25,86,"Esterri d'Àneu"),
	(26,86,"Ledesma de la Cogolla"),
	(28,86,"Molar, El"),
	(29,86,"Sayalonga"),
	(31,86,"Egüés"),
	(32,86,"Viana do Bolo"),
	(34,86,"Hontoria de Cerrato"),
	(37,86,"Carpio de Azaba"),
	(39,86,"Tojos, Los"),
	(40,86,"Fuentepelayo"),
	(41,86,"San Juan de Aznalfarache"),
	(42,86,"Fuentecambrón"),
	(43,86,"Montblanc"),
	(44,86,"Cretas"),
	(45,86,"Lucillos"),
	(46,86,"Carrícola"),
	(47,86,"Medina de Rioseco"),
	(48,86,"Sopuerta"),
	(49,86,"Gallegos del Pan"),
	(50,86,"Codos"),
	(4,87,"Suflí"),
	(5,87,"Gotarrendura"),
	(6,87,"Monterrubio de la Serena"),
	(8,87,"Gallifa"),
	(10,87,"Guadalupe"),
	(12,87,"Palanques"),
	(13,87,"Valdepeñas"),
	(15,87,"Valdoviño"),
	(16,87,"Fuentelespino de Haro"),
	(17,87,"Juià"),
	(18,87,"Granada"),
	(19,87,"Cincovillas"),
	(22,87,"Castigaleu"),
	(23,87,"Torredonjimeno"),
	(24,87,"Laguna Dalga"),
	(25,87,"Esterri de Cardós"),
	(26,87,"Leiva"),
	(28,87,"Molinos, Los"),
	(29,87,"Sedella"),
	(31,87,"Elgorriaga"),
	(32,87,"Vilamarín"),
	(34,87,"Hornillos de Cerrato"),
	(37,87,"Carrascal de Barregas"),
	(39,87,"Torrelavega"),
	(40,87,"Fuentepiñel"),
	(41,87,"Sanlúcar la Mayor"),
	(42,87,"Fuentecantos"),
	(44,87,"Crivillén"),
	(45,87,"Madridejos"),
	(46,87,"Casas Altas"),
	(47,87,"Megeces"),
	(48,87,"Trucios-Turtzioz"),
	(49,87,"Gallegos del Río"),
	(50,87,"Contamina"),
	(3,88,"Monforte del Cid"),
	(4,88,"Tabernas"),
	(5,88,"Grandes y San Martín"),
	(6,88,"Montijo"),
	(8,88,"Garriga, La"),
	(9,88,"Castrillo de Riopisuerga"),
	(10,88,"Guijo de Coria"),
	(12,88,"Pavías"),
	(13,88,"Valenzuela de Calatrava"),
	(15,88,"Val do Dubra"),
	(16,88,"Fuentelespino de Moya"),
	(17,88,"Lladó"),
	(18,88,"Guadahortuna"),
	(19,88,"Ciruelas"),
	(22,88,"Castillazuelo"),
	(23,88,"Torreperogil"),
	(24,88,"Laguna de Negrillos"),
	(25,88,"Estamariu"),
	(26,88,"Leza de Río Leza"),
	(28,88,"Montejo de la Sierra"),
	(29,88,"Sierra de Yeguas"),
	(31,88,"Noáin (Valle de Elorz)/Noain (Elortzibar)"),
	(32,88,"Vilamartín de Valdeorras"),
	(34,88,"Husillos"),
	(37,88,"Carrascal del Obispo"),
	(39,88,"Tresviso"),
	(40,88,"Fuenterrebollo"),
	(41,88,"San Nicolás del Puerto"),
	(42,88,"Fuentelmonge"),
	(43,88,"Montbrió del Camp"),
	(44,88,"Cuba, La"),
	(45,88,"Magán"),
	(46,88,"Casas Bajas"),
	(47,88,"Melgar de Abajo"),
	(48,88,"Ubide"),
	(49,88,"Gamones"),
	(50,88,"Cosuenda"),
	(3,89,"Monóvar/Monòver"),
	(4,89,"Taberno"),
	(5,89,"Guisando"),
	(6,89,"Morera, La"),
	(8,89,"Gavà"),
	(10,89,"Guijo de Galisteo"),
	(12,89,"Peníscola/Peñíscola"),
	(13,89,"Villahermosa"),
	(15,89,"Vedra"),
	(16,89,"Fuentes"),
	(17,89,"Llagostera"),
	(18,89,"Guadix"),
	(19,89,"Ciruelos del Pinar"),
	(22,89,"Castillonroy"),
	(24,89,"León"),
	(25,89,"Farrera"),
	(26,89,"Logroño"),
	(28,89,"Moraleja de Enmedio"),
	(29,89,"Teba"),
	(31,89,"Enériz/Eneritz"),
	(32,89,"Vilar de Barrio"),
	(34,89,"Itero de la Vega"),
	(37,89,"Casafranca"),
	(39,89,"Tudanca"),
	(40,89,"Fuentesaúco de Fuentidueña"),
	(41,89,"Santiponce"),
	(42,89,"Fuentelsaz de Soria"),
	(43,89,"Montferri"),
	(44,89,"Cubla"),
	(45,89,"Malpica de Tajo"),
	(46,89,"Casinos"),
	(47,89,"Melgar de Arriba"),
	(48,89,"Urduliz"),
	(50,89,"Cuarte de Huerva"),
	(3,90,"Mutxamel"),
	(4,90,"Tahal"),
	(5,90,"Gutierre-Muñoz"),
	(6,90,"Nava de Santiago, La"),
	(8,90,"Gaià"),
	(9,90,"Castrillo Matajudíos"),
	(10,90,"Guijo de Granadilla"),
	(12,90,"Pina de Montalgrao"),
	(13,90,"Villamanrique"),
	(15,90,"Vilasantar"),
	(17,90,"Llambilles"),
	(19,90,"Cobeta"),
	(22,90,"Colungo"),
	(23,90,"Torres"),
	(24,90,"Lucillo"),
	(28,90,"Moralzarzal"),
	(29,90,"Tolox"),
	(31,90,"Eratsun"),
	(32,90,"Vilar de Santos"),
	(37,90,"Casas del Conde, Las"),
	(39,90,"Udías"),
	(41,90,"Saucejo, El"),
	(42,90,"Fuentepinilla"),
	(43,90,"Montmell, El"),
	(44,90,"Cucalón"),
	(45,90,"Manzaneque"),
	(46,90,"Castelló de Rugat"),
	(47,90,"Mojados"),
	(48,90,"Balmaseda"),
	(49,90,"Gema"),
	(50,90,"Cubel"),
	(3,91,"Murla"),
	(4,91,"Terque"),
	(6,91,"Navalvillar de Pela"),
	(8,91,"Gelida"),
	(9,91,"Castrojeriz"),
	(10,91,"Guijo de Santa Bárbara"),
	(12,91,"Portell de Morella"),
	(13,91,"Villamayor de Calatrava"),
	(15,91,"Vilarmaior"),
	(16,91,"Fuertescusa"),
	(17,91,"Llanars"),
	(19,91,"Cogollor"),
	(23,91,"Torres de Albánchez"),
	(24,91,"Luyego"),
	(26,91,"Lumbreras"),
	(28,91,"Morata de Tajuña"),
	(29,91,"Torrox"),
	(31,91,"Ergoiena"),
	(32,91,"Vilardevós"),
	(34,91,"Lagartos"),
	(37,91,"Casillas de Flores"),
	(39,91,"Valdáliga"),
	(40,91,"Fuentesoto"),
	(41,91,"Sevilla"),
	(43,91,"Mont-ral"),
	(45,91,"Maqueda"),
	(46,91,"Castellonet de la Conquesta"),
	(47,91,"Monasterio de Vega"),
	(48,91,"Atxondo"),
	(49,91,"Granja de Moreruela"),
	(50,91,"Cuerlas, Las"),
	(3,92,"Muro de Alcoy"),
	(4,92,"Tíjola"),
	(5,92,"Hernansancho"),
	(6,92,"Nogales"),
	(8,92,"Gironella"),
	(10,92,"Herguijuela"),
	(12,92,"Puebla de Arenoso"),
	(13,92,"Villanueva de la Fuente"),
	(15,92,"Vimianzo"),
	(16,92,"Gabaldón"),
	(17,92,"Llançà"),
	(19,92,"Cogolludo"),
	(23,92,"Úbeda"),
	(24,92,"Llamas de la Ribera"),
	(25,92,"Floresta, La"),
	(26,92,"Manjarrés"),
	(28,92,"Móstoles"),
	(29,92,"Totalán"),
	(31,92,"Erro"),
	(32,92,"Vilariño de Conso"),
	(34,92,"Lantadilla"),
	(37,92,"Castellanos de Moriscos"),
	(39,92,"Valdeolea"),
	(40,92,"Fuentidueña"),
	(41,92,"Tocina"),
	(42,92,"Fuentes de Magaña"),
	(43,92,"Mont-roig del Camp"),
	(44,92,"Cuervo, El"),
	(45,92,"Marjaliza"),
	(46,92,"Castielfabib"),
	(47,92,"Montealegre de Campos"),
	(48,92,"Bedia"),
	(49,92,"Granucillo"),
	(50,92,"Chiprana"),
	(3,93,"Novelda"),
	(4,93,"Turre"),
	(5,93,"Herradón de Pinares"),
	(6,93,"Oliva de la Frontera"),
	(8,93,"Gisclareny"),
	(9,93,"Cayuela"),
	(10,93,"Hernán-Pérez"),
	(12,93,"Pobla de Benifassà, la"),
	(13,93,"Villanueva de los Infantes"),
	(15,93,"Zas"),
	(16,93,"Garaballa"),
	(17,93,"Llers"),
	(18,93,"Gualchos"),
	(23,93,"Valdepeñas de Jaén"),
	(24,93,"Magaz de Cepeda"),
	(25,93,"Fondarella"),
	(26,93,"Mansilla de la Sierra"),
	(28,93,"Navacerrada"),
	(29,93,"Valle de Abdalajís"),
	(31,93,"Ezcároz/Ezkaroze"),
	(34,93,"Vid de Ojeda, La"),
	(39,93,"Valdeprado del Río"),
	(40,93,"Gallegos"),
	(41,93,"Tomares"),
	(42,93,"Fuentestrún"),
	(43,93,"Móra d'Ebre"),
	(44,93,"Cuevas de Almudén"),
	(45,93,"Marrupe"),
	(46,93,"Catadau"),
	(47,93,"Montemayor de Pililla"),
	(48,93,"Areatza"),
	(49,93,"Guarrate"),
	(50,93,"Chodes"),
	(3,94,"Nucia, la"),
	(4,94,"Turrillas"),
	(5,94,"Herreros de Suso"),
	(6,94,"Oliva de Mérida"),
	(8,94,"Granada, La"),
	(9,94,"Cebrecos"),
	(10,94,"Herrera de Alcántara"),
	(12,94,"Pobla Tornesa, la"),
	(13,94,"Villanueva de San Carlos"),
	(16,94,"Gascueña"),
	(17,94,"Llívia"),
	(18,94,"Güejar Sierra"),
	(22,94,"Chalamera"),
	(23,94,"Vilches"),
	(24,94,"Mansilla de las Mulas"),
	(25,94,"Foradada"),
	(26,94,"Manzanares de Rioja"),
	(28,94,"Navalafuente"),
	(29,94,"Vélez-Málaga"),
	(31,94,"Eslava"),
	(34,94,"Ledigos"),
	(39,94,"Valderredible"),
	(40,94,"Garcillán"),
	(41,94,"Umbrete"),
	(42,94,"Garray"),
	(43,94,"Móra la Nova"),
	(44,94,"Cuevas Labradas"),
	(45,94,"Mascaraque"),
	(46,94,"Catarroja"),
	(47,94,"Moral de la Reina"),
	(48,94,"Igorre"),
	(49,94,"Hermisende"),
	(50,94,"Daroca"),
	(3,95,"Ondara"),
	(4,95,"Uleila del Campo"),
	(5,95,"Higuera de las Dueñas"),
	(6,95,"Olivenza"),
	(8,95,"Granera"),
	(9,95,"Celada del Camino"),
	(10,95,"Herreruela"),
	(12,95,"Ribesalbes"),
	(13,95,"Villar del Pozo"),
	(16,95,"Graja de Campalbo"),
	(17,95,"Lloret de Mar"),
	(18,95,"Güevéjar"),
	(19,95,"Condemios de Abajo"),
	(22,95,"Chía"),
	(23,95,"Villacarrillo"),
	(24,95,"Mansilla Mayor"),
	(26,95,"Matute"),
	(28,95,"Navalagamella"),
	(29,95,"Villanueva de Algaidas"),
	(31,95,"Esparza de Salazar/Espartza Zaraitzu"),
	(39,95,"Val de San Vicente"),
	(40,95,"Gomezserracín"),
	(41,95,"Utrera"),
	(42,95,"Golmayo"),
	(43,95,"Morell, El"),
	(45,95,"Mata, La"),
	(46,95,"Caudete de las Fuentes"),
	(47,95,"Moraleja de las Panaderas"),
	(48,95,"Zaldibar"),
	(49,95,"Hiniesta, La"),
	(50,95,"Ejea de los Caballeros"),
	(3,96,"Onil"),
	(4,96,"Urrácal"),
	(5,96,"Hija de Dios, La"),
	(6,96,"Orellana de la Sierra"),
	(8,96,"Granollers"),
	(10,96,"Hervás"),
	(12,96,"Rossell"),
	(13,96,"Villarrubia de los Ojos"),
	(16,96,"Graja de Iniesta"),
	(17,96,"Llosses, Les"),
	(18,96,"Huélago"),
	(19,96,"Condemios de Arriba"),
	(22,96,"Chimillas"),
	(23,96,"Villanueva de la Reina"),
	(24,96,"Maraña"),
	(25,96,"Fuliola, La"),
	(26,96,"Medrano"),
	(28,96,"Navalcarnero"),
	(29,96,"Villanueva del Rosario"),
	(31,96,"Espronceda"),
	(34,96,"Lomas"),
	(37,96,"Castillejo de Martín Viejo"),
	(39,96,"Vega de Liébana"),
	(41,96,"Valencina de la Concepción"),
	(42,96,"Gómara"),
	(43,96,"Morera de Montsant, La"),
	(44,96,"Ejulve"),
	(45,96,"Mazarambroz"),
	(46,96,"Cerdà"),
	(47,96,"Morales de Campos"),
	(48,96,"Zalla"),
	(49,96,"Jambrina"),
	(50,96,"Embid de Ariza"),
	(3,97,"Orba"),
	(4,97,"Velefique"),
	(5,97,"Horcajada, La"),
	(6,97,"Orellana la Vieja"),
	(8,97,"Gualba"),
	(10,97,"Higuera"),
	(12,97,"Sacañet"),
	(13,97,"Villarta de San Juan"),
	(16,97,"Henarejos"),
	(17,97,"Madremanya"),
	(18,97,"Huéneja"),
	(19,97,"Congostrina"),
	(23,97,"Villanueva del Arzobispo"),
	(24,97,"Matadeón de los Oteros"),
	(25,97,"Fulleda"),
	(28,97,"Navarredonda y San Mamés"),
	(29,97,"Villanueva del Trabuco"),
	(31,97,"Estella-Lizarra"),
	(37,97,"Castraz"),
	(39,97,"Vega de Pas"),
	(40,97,"Grajera"),
	(41,97,"Villamanrique de la Condesa"),
	(42,97,"Gormaz"),
	(43,97,"Nou de Gaià, La"),
	(44,97,"Escorihuela"),
	(45,97,"Mejorada"),
	(46,97,"Cofrentes"),
	(47,97,"Mota del Marqués"),
	(48,97,"Zaratamo"),
	(49,97,"Justel"),
	(3,98,"Orxeta"),
	(4,98,"Vélez-Blanco"),
	(6,98,"Palomas"),
	(8,98,"Sant Salvador de Guardiola"),
	(9,98,"Cerezo de Río Tirón"),
	(10,98,"Hinojal"),
	(12,98,"Salzadella, la"),
	(13,98,"Viso del Marqués"),
	(16,98,"Herrumblar, El"),
	(17,98,"Maià de Montcal"),
	(18,98,"Huéscar"),
	(19,98,"Copernal"),
	(23,98,"Villardompardo"),
	(24,98,"Matallana de Torío"),
	(25,98,"Gavet de la Conca"),
	(26,98,"Munilla"),
	(29,98,"Villanueva de Tapia"),
	(31,98,"Esteribar"),
	(34,98,"Magaz de Pisuerga"),
	(37,98,"Cepeda"),
	(39,98,"Villacarriedo"),
	(41,98,"Villanueva del Ariscal"),
	(42,98,"Herrera de Soria"),
	(43,98,"Nulles"),
	(45,98,"Menasalbas"),
	(46,98,"Corbera"),
	(47,98,"Mucientes"),
	(49,98,"Losacino"),
	(50,98,"Encinacorba"),
	(3,99,"Orihuela"),
	(4,99,"Vélez-Rubio"),
	(5,99,"Horcajo de las Torres"),
	(6,99,"Parra, La"),
	(8,99,"Guardiola de Berguedà"),
	(10,99,"Holguera"),
	(12,99,"Sant Jordi/San Jorge"),
	(16,99,"Hinojosa, La"),
	(17,99,"Meranges"),
	(18,99,"Huétor de Santillán"),
	(19,99,"Corduente"),
	(22,99,"Esplús"),
	(23,99,"Villares, Los"),
	(24,99,"Matanza"),
	(25,99,"Golmés"),
	(26,99,"Murillo de Río Leza"),
	(28,99,"Navas del Rey"),
	(29,99,"Viñuela"),
	(31,99,"Etayo"),
	(34,99,"Manquillos"),
	(37,99,"Cereceda de la Sierra"),
	(39,99,"Villaescusa"),
	(40,99,"Honrubia de la Cuesta"),
	(41,99,"Villanueva del Río y Minas"),
	(43,99,"Palma d'Ebre, La"),
	(44,99,"Escucha"),
	(45,99,"Méntrida"),
	(46,99,"Cortes de Pallás"),
	(47,99,"Mudarra, La"),
	(49,99,"Losacio"),
	(50,99,"Épila"),
	(3,100,"Parcent"),
	(4,100,"Vera"),
	(5,100,"Hornillo, El"),
	(6,100,"Peñalsordo"),
	(8,100,"Gurb"),
	(9,100,"Cerratón de Juarros"),
	(10,100,"Hoyos"),
	(12,100,"Sant Mateu"),
	(16,100,"Hinojosos, Los"),
	(17,100,"Masarac"),
	(18,100,"Huétor Tájar"),
	(24,100,"Molinaseca"),
	(25,100,"Gósol"),
	(26,100,"Muro de Aguas"),
	(28,100,"Nuevo Baztán"),
	(29,100,"Yunquera"),
	(31,100,"Eulate"),
	(34,100,"Mantinos"),
	(37,100,"Cerezal de Peñahorcada"),
	(39,100,"Villafufre"),
	(40,100,"Hontalbilla"),
	(41,100,"Villanueva de San Juan"),
	(42,100,"Hinojosa del Campo"),
	(43,100,"Pallaresos, Els"),
	(44,100,"Estercuel"),
	(45,100,"Mesegar de Tajo"),
	(46,100,"Cotes"),
	(47,100,"Muriel"),
	(49,100,"Lubián"),
	(50,100,"Erla"),
	(3,101,"Pedreguer"),
	(4,101,"Viator"),
	(5,101,"Hoyocasero"),
	(6,101,"Peraleda del Zaucejo"),
	(8,101,"Hospitalet de Llobregat, L'"),
	(9,101,"Ciadoncha"),
	(10,101,"Huélaga"),
	(12,101,"San Rafael del Río"),
	(16,101,"Hito, El"),
	(17,101,"Massanes"),
	(18,101,"Huétor Vega"),
	(23,101,"Villarrodrigo"),
	(24,101,"Murias de Paredes"),
	(25,101,"Granadella, La"),
	(26,101,"Muro en Cameros"),
	(28,101,"Olmeda de las Fuentes"),
	(31,101,"Ezcabarte"),
	(34,101,"Marcilla de Campos"),
	(37,101,"Cerralbo"),
	(39,101,"Valle de Villaverde"),
	(40,101,"Hontanares de Eresma"),
	(41,101,"Villaverde del Río"),
	(43,101,"Passanant i Belltall"),
	(44,101,"Ferreruela de Huerva"),
	(45,101,"Miguel Esteban"),
	(46,101,"Quart de les Valls"),
	(47,101,"Nava del Rey"),
	(49,101,"Luelmo"),
	(50,101,"Escatrón"),
	(3,102,"Pego"),
	(4,102,"Vícar"),
	(5,102,"Hoyo de Pinares, El"),
	(6,102,"Puebla de Alcocer"),
	(8,102,"Igualada"),
	(9,102,"Cillaperlata"),
	(10,102,"Ibahernando"),
	(12,102,"Santa Magdalena de Pulpis"),
	(16,102,"Honrubia"),
	(17,102,"Maçanet de Cabrenys"),
	(18,102,"Illora"),
	(19,102,"Cubillo de Uceda, El"),
	(22,102,"Estada"),
	(24,102,"Noceda del Bierzo"),
	(25,102,"Granja d'Escarp, La"),
	(26,102,"Nájera"),
	(28,102,"Orusco de Tajuña"),
	(31,102,"Ezkurra"),
	(34,102,"Mazariegos"),
	(37,102,"Cerro, El"),
	(39,102,"Voto"),
	(41,102,"Viso del Alcor, El"),
	(43,102,"Paüls"),
	(44,102,"Fonfría"),
	(45,102,"Mocejón"),
	(46,102,"Quart de Poblet"),
	(47,102,"Nueva Villa de las Torres"),
	(49,102,"Maderal, El"),
	(50,102,"Fabara"),
	(3,103,"Penàguila"),
	(4,103,"Zurgena"),
	(5,103,"Hoyorredondo"),
	(6,103,"Puebla de la Calzada"),
	(8,103,"Jorba"),
	(9,103,"Cilleruelo de Abajo"),
	(10,103,"Jaraicejo"),
	(12,103,"Sarratella"),
	(16,103,"Hontanaya"),
	(17,103,"Maçanet de la Selva"),
	(18,103,"Itrabo"),
	(19,103,"Checa"),
	(22,103,"Estadilla"),
	(24,103,"Oencia"),
	(25,103,"Granyanella"),
	(26,103,"Nalda"),
	(31,103,"Ezprogui"),
	(34,103,"Mazuecos de Valdeginate"),
	(37,103,"Cespedosa de Tormes"),
	(40,103,"Huertos, Los"),
	(42,103,"Langa de Duero"),
	(43,103,"Perafort"),
	(44,103,"Formiche Alto"),
	(45,103,"Mohedas de la Jara"),
	(46,103,"Quartell"),
	(47,103,"Olivares de Duero"),
	(49,103,"Madridanos"),
	(3,104,"Petrer"),
	(5,104,"Hoyos del Collado"),
	(6,104,"Puebla de la Reina"),
	(8,104,"Llacuna, La"),
	(9,104,"Cilleruelo de Arriba"),
	(10,104,"Jaraíz de la Vera"),
	(12,104,"Segorbe"),
	(16,104,"Hontecillas"),
	(19,104,"Chequilla"),
	(24,104,"Omañas, Las"),
	(25,104,"Granyena de Segarra"),
	(26,104,"Navajún"),
	(28,104,"Paracuellos de Jarama"),
	(31,104,"Falces"),
	(34,104,"Melgar de Yuso"),
	(37,104,"Cilleros de la Bastida"),
	(40,104,"Ituero y Lama"),
	(43,104,"Perelló, El"),
	(45,104,"Montearagón"),
	(46,104,"Quatretonda"),
	(47,104,"Olmedo"),
	(49,104,"Mahide"),
	(50,104,"Farlete"),
	(3,105,"Pinós, el/Pinoso"),
	(5,105,"Hoyos del Espino"),
	(6,105,"Puebla del Maestre"),
	(8,105,"Llagosta, La"),
	(9,105,"Ciruelos de Cervera"),
	(10,105,"Jarandilla de la Vera"),
	(12,105,"Sierra Engarcerán"),
	(17,105,"Mieres"),
	(18,105,"Iznalloz"),
	(19,105,"Chiloeches"),
	(22,105,"Estopiñán del Castillo"),
	(24,105,"Onzonilla"),
	(25,105,"Granyena de les Garrigues"),
	(26,105,"Navarrete"),
	(31,105,"Fitero"),
	(40,105,"Juarros de Riomoros"),
	(42,105,"Liceras"),
	(43,105,"Piles, Les"),
	(44,105,"Fórnoles"),
	(45,105,"Montesclaros"),
	(46,105,"Cullera"),
	(47,105,"Olmos de Esgueva"),
	(49,105,"Maire de Castroponce"),
	(50,105,"Fayón"),
	(3,106,"Planes"),
	(5,106,"Hoyos de Miguel Muñoz"),
	(6,106,"Puebla del Prior"),
	(8,106,"Llinars del Vallès"),
	(10,106,"Jarilla"),
	(12,106,"Soneja"),
	(16,106,"Horcajo de Santiago"),
	(17,106,"Mollet de Peralada"),
	(19,106,"Chillarón del Rey"),
	(22,106,"Fago"),
	(24,106,"Oseja de Sajambre"),
	(26,106,"Nestares"),
	(28,106,"Parla"),
	(31,106,"Fontellas"),
	(34,106,"Meneses de Campos"),
	(37,106,"Cipérez"),
	(40,106,"Juarros de Voltoya"),
	(42,106,"Losilla, La"),
	(43,106,"Pinell de Brai, El"),
	(44,106,"Fortanete"),
	(45,106,"Mora"),
	(46,106,"Chelva"),
	(47,106,"Olmos de Peñafiel"),
	(50,106,"Fayos, Los"),
	(3,107,"Polop"),
	(5,107,"Hurtumpascual"),
	(6,107,"Puebla de Obando"),
	(8,107,"Lliçà d'Amunt"),
	(10,107,"Jerte"),
	(12,107,"Sot de Ferrer"),
	(16,107,"Huélamo"),
	(17,107,"Molló"),
	(18,107,"Jayena"),
	(19,107,"Driebes"),
	(22,107,"Fanlo"),
	(24,107,"Pajares de los Oteros"),
	(26,107,"Nieva de Cameros"),
	(28,107,"Patones"),
	(31,107,"Funes"),
	(34,107,"Micieces de Ojeda"),
	(37,107,"Ciudad Rodrigo"),
	(40,107,"Labajos"),
	(42,107,"Magaña"),
	(43,107,"Pira"),
	(44,107,"Foz-Calanda"),
	(45,107,"Nambroca"),
	(46,107,"Chella"),
	(49,107,"Malva"),
	(50,107,"Figueruelas"),
	(5,108,"Junciana"),
	(6,108,"Puebla de Sancho Pérez"),
	(8,108,"Lliçà de Vall"),
	(9,108,"Cogollos"),
	(10,108,"Ladrillar"),
	(12,108,"Sueras/Suera"),
	(16,108,"Huelves"),
	(18,108,"Jerez del Marquesado"),
	(19,108,"Durón"),
	(24,108,"Palacios de la Valduerna"),
	(26,108,"Ocón"),
	(28,108,"Pedrezuela"),
	(31,108,"Fustiñana"),
	(34,108,"Monzón de Campos"),
	(37,108,"Coca de Alba"),
	(40,108,"Laguna de Contreras"),
	(42,108,"Maján"),
	(43,108,"Pla de Santa Maria, El"),
	(44,108,"Fresneda, La"),
	(45,108,"Nava de Ricomalillo, La"),
	(46,108,"Chera"),
	(49,108,"Manganeses de la Lampreana"),
	(50,108,"Fombuena"),
	(3,109,"Rafal"),
	(5,109,"Langa"),
	(6,109,"Quintana de la Serena"),
	(8,109,"Lluçà"),
	(9,109,"Condado de Treviño"),
	(10,109,"Logrosán"),
	(12,109,"Tales"),
	(16,109,"Huérguina"),
	(17,109,"Montagut i Oix"),
	(18,109,"Jete"),
	(19,109,"Embid"),
	(22,109,"Fiscal"),
	(24,109,"Palacios del Sil"),
	(25,109,"Guimerà"),
	(26,109,"Ochánduri"),
	(28,109,"Pelayos de la Presa"),
	(31,109,"Galar"),
	(34,109,"Moratinos"),
	(37,109,"Colmenar de Montemayor"),
	(40,109,"Languilla"),
	(43,109,"Pobla de Mafumet, La"),
	(44,109,"Frías de Albarracín"),
	(45,109,"Navahermosa"),
	(46,109,"Cheste"),
	(47,109,"Palazuelo de Vedija"),
	(49,109,"Manganeses de la Polvorosa"),
	(50,109,"Frago, El"),
	(3,110,"Ràfol d'Almúnia, El"),
	(5,110,"Lanzahíta"),
	(6,110,"Reina"),
	(8,110,"Malgrat de Mar"),
	(9,110,"Contreras"),
	(10,110,"Losar de la Vera"),
	(12,110,"Teresa"),
	(16,110,"Huerta de la Obispalía"),
	(17,110,"Mont-ras"),
	(19,110,"Escamilla"),
	(22,110,"Fonz"),
	(24,110,"Páramo del Sil"),
	(25,110,"Guissona"),
	(26,110,"Ojacastro"),
	(28,110,"Perales de Tajuña"),
	(31,110,"Gallipienzo/Galipentzu"),
	(34,110,"Mudá"),
	(37,110,"Cordovilla"),
	(40,110,"Lastras de Cuéllar"),
	(42,110,"Matalebreras"),
	(43,110,"Pobla de Massaluca, La"),
	(44,110,"Fuenferrada"),
	(45,110,"Navalcán"),
	(46,110,"Xirivella"),
	(47,110,"Parrilla, La"),
	(49,110,"Manzanal de Arriba"),
	(50,110,"Frasno, El"),
	(3,111,"Redován"),
	(6,111,"Rena"),
	(8,111,"Malla"),
	(10,111,"Madrigal de la Vera"),
	(12,111,"Tírig"),
	(16,111,"Huerta del Marquesado"),
	(17,111,"Navata"),
	(18,111,"Jun"),
	(19,111,"Escariche"),
	(22,111,"Foradada del Toscar"),
	(25,111,"Guixers"),
	(26,111,"Ollauri"),
	(28,111,"Pezuela de las Torres"),
	(31,111,"Gallués/Galoze"),
	(40,111,"Lastras del Pozo"),
	(42,111,"Matamala de Almazán"),
	(43,111,"Pobla de Montornès, La"),
	(44,111,"Fuentes Calientes"),
	(45,111,"Navalmoralejo"),
	(46,111,"Chiva"),
	(47,111,"Pedraja de Portillo, La"),
	(49,111,"Manzanal del Barco"),
	(50,111,"Fréscano"),
	(3,112,"Relleu"),
	(5,112,"Losar del Barco, El"),
	(6,112,"Retamal de Llerena"),
	(8,112,"Manlleu"),
	(9,112,"Coruña del Conde"),
	(10,112,"Madrigalejo"),
	(12,112,"Todolella"),
	(16,112,"Huete"),
	(17,112,"Ogassa"),
	(18,112,"Juviles"),
	(19,112,"Escopete"),
	(22,112,"Fraga"),
	(24,112,"Peranzanes"),
	(25,112,"Ivars de Noguera"),
	(26,112,"Ortigosa de Cameros"),
	(28,112,"Pinilla del Valle"),
	(31,112,"Garaioa"),
	(34,112,"Nogal de las Huertas"),
	(37,112,"Cristóbal"),
	(40,112,"Lastrilla, La"),
	(43,112,"Poboleda"),
	(44,112,"Fuentes Claras"),
	(45,112,"Navalmorales, Los"),
	(46,112,"Chulilla"),
	(47,112,"Pedrajas de San Esteban"),
	(49,112,"Manzanal de los Infantes"),
	(3,113,"Rojales"),
	(5,113,"Llanos de Tormes, Los"),
	(6,113,"Ribera del Fresno"),
	(8,113,"Manresa"),
	(9,113,"Covarrubias"),
	(10,113,"Madroñera"),
	(12,113,"Toga"),
	(16,113,"Iniesta"),
	(19,113,"Espinosa de Henares"),
	(22,113,"Fueva, La"),
	(24,113,"Pobladura de Pelayo García"),
	(25,113,"Ivars d'Urgell"),
	(26,113,"Pazuengos"),
	(28,113,"Pinto"),
	(31,113,"Garde"),
	(34,113,"Olea de Boedo"),
	(37,113,"Cubo de Don Sancho, El"),
	(40,113,"Losa, La"),
	(42,113,"Medinaceli"),
	(43,113,"Pont d'Armentera, El"),
	(44,113,"Fuentes de Rubielos"),
	(45,113,"Navalucillos, Los"),
	(46,113,"Daimús"),
	(47,113,"Pedrosa del Rey"),
	(49,113,"Matilla de Arzón"),
	(50,113,"Fuendejalón"),
	(3,114,"Romana, la"),
	(5,114,"Madrigal de las Altas Torres"),
	(6,114,"Risco"),
	(8,114,"Martorell"),
	(9,114,"Cubillo del Campo"),
	(10,114,"Majadas"),
	(12,114,"Torás"),
	(17,114,"Olot"),
	(18,114,"Calahorra, La"),
	(19,114,"Esplegares"),
	(22,114,"Gistaín"),
	(24,114,"Pola de Gordón, La"),
	(25,114,"Ivorra"),
	(26,114,"Pedroso"),
	(28,114,"Piñuécar-Gandullas"),
	(31,114,"Garínoain"),
	(34,114,"Olmos de Ojeda"),
	(37,114,"Chagarcía Medianero"),
	(43,114,"Porrera"),
	(44,114,"Fuentespalda"),
	(45,114,"Navamorcuende"),
	(46,114,"Domeño"),
	(47,114,"Peñafiel"),
	(49,114,"Matilla la Seca"),
	(50,114,"Fuendetodos"),
	(3,115,"Sagra"),
	(5,115,"Maello"),
	(6,115,"Roca de la Sierra, La"),
	(8,115,"Martorelles"),
	(9,115,"Cubo de Bureba"),
	(10,115,"Malpartida de Cáceres"),
	(12,115,"Toro, El"),
	(16,115,"Laguna del Marquesado"),
	(17,115,"Ordis"),
	(18,115,"Láchar"),
	(19,115,"Establés"),
	(22,115,"Grado, El"),
	(24,115,"Ponferrada"),
	(25,115,"Isona i Conca Dellà"),
	(26,115,"Pinillos"),
	(28,115,"Pozuelo de Alarcón"),
	(31,115,"Garralda"),
	(37,115,"Dios le Guarde"),
	(40,115,"Maderuelo"),
	(42,115,"Miño de Medinaceli"),
	(43,115,"Pradell de la Teixeta"),
	(44,115,"Galve"),
	(45,115,"Noblejas"),
	(46,115,"Dos Aguas"),
	(47,115,"Peñaflor de Hornija"),
	(49,115,"Mayalde"),
	(50,115,"Fuentes de Ebro"),
	(3,116,"Salinas"),
	(5,116,"Malpartida de Corneja"),
	(6,116,"Salvaleón"),
	(8,116,"Masies de Roda, Les"),
	(10,116,"Malpartida de Plasencia"),
	(12,116,"Torralba del Pinar"),
	(16,116,"Lagunaseca"),
	(17,116,"Osor"),
	(18,116,"Lanjarón"),
	(19,116,"Estriégana"),
	(22,116,"Grañén"),
	(24,116,"Posada de Valdeón"),
	(28,116,"Pozuelo del Rey"),
	(31,116,"Genevilla"),
	(34,116,"Osornillo"),
	(37,116,"Doñinos de Ledesma"),
	(42,116,"Miño de San Esteban"),
	(43,116,"Prades"),
	(44,116,"Gargallo"),
	(45,116,"Noez"),
	(46,116,"Eliana, l'"),
	(47,116,"Pesquera de Duero"),
	(49,116,"Melgar de Tera"),
	(50,116,"Fuentes de Jiloca"),
	(3,117,"Sanet y Negrals"),
	(5,117,"Mamblas"),
	(6,117,"Salvatierra de los Barros"),
	(8,117,"Masies de Voltregà, Les"),
	(9,117,"Cueva de Roa, La"),
	(10,117,"Marchagaz"),
	(12,117,"Torreblanca"),
	(16,117,"Landete"),
	(17,117,"Palafrugell"),
	(18,117,"Lanteira"),
	(19,117,"Fontanar"),
	(22,117,"Graus"),
	(24,117,"Pozuelo del Páramo"),
	(26,117,"Pradejón"),
	(28,117,"Prádena del Rincón"),
	(31,117,"Goizueta"),
	(37,117,"Doñinos de Salamanca"),
	(42,117,"Molinos de Duero"),
	(43,117,"Prat de Comte"),
	(44,117,"Gea de Albarracín"),
	(45,117,"Nombela"),
	(46,117,"Emperador"),
	(47,117,"Piña de Esgueva"),
	(49,117,"Micereces de Tera"),
	(50,117,"Gallocanta"),
	(3,118,"San Fulgencio"),
	(5,118,"Mancera de Arriba"),
	(6,118,"Sancti-Spíritus"),
	(8,118,"Masnou, El"),
	(10,118,"Mata de Alcántara"),
	(12,118,"Torrechiva"),
	(16,118,"Ledaña"),
	(17,118,"Palamós"),
	(19,118,"Fuembellida"),
	(24,118,"Prado de la Guzpeña"),
	(25,118,"Juncosa"),
	(26,118,"Pradillo"),
	(28,118,"Puebla de la Sierra"),
	(31,118,"Goñi"),
	(37,118,"Ejeme"),
	(40,118,"Marazuela"),
	(42,118,"Momblona"),
	(43,118,"Pratdip"),
	(44,118,"Ginebrosa, La"),
	(45,118,"Novés"),
	(46,118,"Enguera"),
	(47,118,"Piñel de Abajo"),
	(49,118,"Milles de la Polvorosa"),
	(50,118,"Gallur"),
	(3,119,"Sant Joan d'Alacant"),
	(5,119,"Manjabálago"),
	(6,119,"San Pedro de Mérida"),
	(8,119,"Masquefa"),
	(9,119,"Cuevas de San Clemente"),
	(10,119,"Membrío"),
	(12,119,"Torre d'En Besora, la"),
	(16,119,"Leganiel"),
	(17,119,"Palau de Santa Eulàlia"),
	(18,119,"Lecrín"),
	(19,119,"Fuencemillán"),
	(22,119,"Gurrea de Gállego"),
	(24,119,"Priaranza del Bierzo"),
	(25,119,"Juneda"),
	(26,119,"Préjano"),
	(28,119,"Quijorna"),
	(31,119,"Güesa/Gorza"),
	(37,119,"Encina, La"),
	(40,119,"Martín Miguel"),
	(42,119,"Monteagudo de las Vicarías"),
	(43,119,"Puigpelat"),
	(44,119,"Griegos"),
	(45,119,"Numancia de la Sagra"),
	(46,119,"Ènova, l'"),
	(47,119,"Piñel de Arriba"),
	(49,119,"Molacillos"),
	(50,119,"Gelsa"),
	(3,120,"San Miguel de Salinas"),
	(5,120,"Marlín"),
	(6,120,"Santa Amalia"),
	(8,120,"Matadepera"),
	(9,120,"Encío"),
	(10,120,"Mesas de Ibor"),
	(12,120,"Torre d'en Doménec, la"),
	(17,120,"Palau-saverdera"),
	(18,120,"Lentegí"),
	(19,120,"Fuentelahiguera de Albatages"),
	(24,120,"Prioro"),
	(25,120,"Lleida"),
	(26,120,"Quel"),
	(28,120,"Rascafría"),
	(31,120,"Guesálaz/Gesalatz"),
	(34,120,"Palencia"),
	(37,120,"Encina de San Silvestre"),
	(40,120,"Martín Muñoz de la Dehesa"),
	(42,120,"Montejo de Tiermes"),
	(43,120,"Querol"),
	(44,120,"Guadalaviar"),
	(45,120,"Nuño Gómez"),
	(46,120,"Estivella"),
	(49,120,"Molezuelas de la Carballeda"),
	(50,120,"Godojos"),
	(3,121,"Santa Pola"),
	(5,121,"Martiherrero"),
	(6,121,"Santa Marta"),
	(8,121,"Mataró"),
	(10,121,"Miajadas"),
	(12,121,"Traiguera"),
	(16,121,"Majadas, Las"),
	(17,121,"Palau-sator"),
	(18,121,"Lobras"),
	(19,121,"Fuentelencina"),
	(24,121,"Puebla de Lillo"),
	(25,121,"Les"),
	(26,121,"Rabanera"),
	(28,121,"Redueña"),
	(31,121,"Guirguillano"),
	(34,121,"Palenzuela"),
	(37,121,"Encinas de Abajo"),
	(40,121,"Martín Muñoz de las Posadas"),
	(42,121,"Montenegro de Cameros"),
	(43,121,"Rasquera"),
	(44,121,"Gúdar"),
	(45,121,"Ocaña"),
	(46,121,"Estubeny"),
	(47,121,"Pollos"),
	(49,121,"Mombuey"),
	(50,121,"Gotor"),
	(3,122,"San Vicente del Raspeig/Sant Vicent del Raspeig"),
	(5,122,"Martínez"),
	(6,122,"Santos de Maimona, Los"),
	(8,122,"Mediona"),
	(9,122,"Espinosa de Cervera"),
	(10,122,"Millanes"),
	(12,122,"Useras/Useres, les"),
	(16,122,"Mariana"),
	(18,122,"Loja"),
	(19,122,"Fuentelsaz"),
	(22,122,"Hoz de Jaca"),
	(24,122,"Puente de Domingo Flórez"),
	(25,122,"Linyola"),
	(26,122,"Rasillo de Cameros, El"),
	(28,122,"Ribatejada"),
	(31,122,"Huarte/Uharte"),
	(34,122,"Páramo de Boedo"),
	(37,122,"Encinas de Arriba"),
	(40,122,"Marugán"),
	(43,122,"Renau"),
	(44,122,"Híjar"),
	(45,122,"Olías del Rey"),
	(46,122,"Faura"),
	(47,122,"Portillo"),
	(49,122,"Monfarracinos"),
	(50,122,"Grisel"),
	(3,123,"Sax"),
	(5,123,"Mediana de Voltoya"),
	(6,123,"San Vicente de Alcántara"),
	(8,123,"Molins de Rei"),
	(9,123,"Espinosa del Camino"),
	(10,123,"Mirabel"),
	(12,123,"Vallat"),
	(16,123,"Masegosa"),
	(17,123,"Palol de Revardit"),
	(18,123,"Lugros"),
	(19,123,"Fuentelviejo"),
	(24,123,"Quintana del Castillo"),
	(25,123,"Lladorre"),
	(26,123,"Redal, El"),
	(28,123,"Rivas-Vaciamadrid"),
	(31,123,"Uharte-Arakil"),
	(34,123,"Paredes de Nava"),
	(37,123,"Encinasola de los Comendadores"),
	(40,123,"Matabuena"),
	(42,123,"Morón de Almazán"),
	(43,123,"Reus"),
	(44,123,"Hinojosa de Jarque"),
	(45,123,"Ontígola"),
	(46,123,"Favara"),
	(47,123,"Pozal de Gallinas"),
	(49,123,"Montamarta"),
	(50,123,"Grisén"),
	(3,124,"Sella"),
	(5,124,"Medinilla"),
	(6,124,"Segura de León"),
	(8,124,"Mollet del Vallès"),
	(9,124,"Espinosa de los Monteros"),
	(10,124,"Mohedas de Granadilla"),
	(12,124,"Vall d'Alba"),
	(16,124,"Mesas, Las"),
	(17,124,"Pals"),
	(18,124,"Lújar"),
	(19,124,"Fuentenovilla"),
	(22,124,"Huerto"),
	(24,124,"Quintana del Marco"),
	(25,124,"Lladurs"),
	(26,124,"Ribafrecha"),
	(28,124,"Robledillo de la Jara"),
	(31,124,"Ibargoiti"),
	(34,124,"Payo de Ojeda"),
	(37,124,"Endrinal"),
	(40,124,"Mata de Cuéllar"),
	(42,124,"Muriel de la Fuente"),
	(43,124,"Riba, La"),
	(44,124,"Hoz de la Vieja, La"),
	(45,124,"Orgaz"),
	(46,124,"Fontanars dels Alforins"),
	(47,124,"Pozaldez"),
	(49,124,"Moral de Sayago"),
	(50,124,"Herrera de los Navarros"),
	(3,125,"Senija"),
	(5,125,"Mengamuñoz"),
	(6,125,"Siruela"),
	(8,125,"Montcada i Reixac"),
	(9,125,"Estépar"),
	(10,125,"Monroy"),
	(12,125,"Vall de Almonacid"),
	(16,125,"Minglanilla"),
	(17,125,"Pardines"),
	(19,125,"Gajanejos"),
	(22,125,"Huesca"),
	(24,125,"Quintana y Congosto"),
	(25,125,"Llardecans"),
	(26,125,"Rincón de Soto"),
	(28,125,"Robledo de Chavela"),
	(31,125,"Igúzquiza"),
	(34,125,"Pedraza de Campos"),
	(37,125,"Escurial de la Sierra"),
	(40,125,"Matilla, La"),
	(42,125,"Muriel Viejo"),
	(43,125,"Riba-roja d'Ebre"),
	(44,125,"Huesa del Común"),
	(45,125,"Oropesa"),
	(46,125,"Fortaleny"),
	(47,125,"Pozuelo de la Orden"),
	(49,125,"Moraleja del Vino"),
	(50,125,"Ibdes"),
	(5,126,"Mesegar de Corneja"),
	(6,126,"Solana de los Barros"),
	(8,126,"Montgat"),
	(10,126,"Montánchez"),
	(12,126,"Vall d'Uixó, la"),
	(16,126,"Mira"),
	(17,126,"Parlavà"),
	(18,126,"Malahá, La"),
	(19,126,"Galápagos"),
	(22,126,"Ibieca"),
	(25,126,"Llavorsí"),
	(26,126,"Robres del Castillo"),
	(28,126,"Robregordo"),
	(31,126,"Imotz"),
	(34,126,"Pedrosa de la Vega"),
	(37,126,"Espadaña"),
	(40,126,"Melque de Cercos"),
	(43,126,"Riera de Gaià, La"),
	(44,126,"Iglesuela del Cid, La"),
	(45,126,"Otero"),
	(46,126,"Foios"),
	(47,126,"Puras"),
	(49,126,"Moraleja de Sayago"),
	(50,126,"Illueca"),
	(3,127,"Tàrbena"),
	(5,127,"Mijares"),
	(6,127,"Talarrubias"),
	(8,127,"Monistrol de Montserrat"),
	(9,127,"Fontioso"),
	(10,127,"Montehermoso"),
	(12,127,"Vallibona"),
	(18,127,"Maracena"),
	(19,127,"Galve de Sorbe"),
	(22,127,"Igriés"),
	(24,127,"Regueras de Arriba"),
	(25,127,"Lles de Cerdanya"),
	(26,127,"Rodezno"),
	(28,127,"Rozas de Madrid, Las"),
	(31,127,"Irañeta"),
	(34,127,"Perales"),
	(37,127,"Espeja"),
	(40,127,"Membibre de la Hoz"),
	(42,127,"Nafría de Ucero"),
	(43,127,"Riudecanyes"),
	(44,127,"Jabaloyas"),
	(45,127,"Palomeque"),
	(46,127,"Font d'En Carròs, la"),
	(47,127,"Quintanilla de Arriba"),
	(49,127,"Morales del Vino"),
	(3,128,"Teulada"),
	(5,128,"Mingorría"),
	(6,128,"Talavera la Real"),
	(8,128,"Monistrol de Calders"),
	(9,128,"Frandovínez"),
	(10,128,"Moraleja"),
	(12,128,"Vilafamés"),
	(16,128,"Monreal del Llano"),
	(17,128,"Pau"),
	(18,128,"Marchal"),
	(22,128,"Ilche"),
	(25,128,"Llimiana"),
	(26,128,"Sajazarra"),
	(28,128,"Rozas de Puerto Real"),
	(31,128,"Isaba/Izaba"),
	(37,128,"Espino de la Orbada"),
	(40,128,"Migueláñez"),
	(42,128,"Narros"),
	(43,128,"Riudecols"),
	(44,128,"Jarque de la Val"),
	(45,128,"Pantoja"),
	(46,128,"Font de la Figuera, la"),
	(47,128,"Quintanilla del Molar"),
	(49,128,"Morales de Rey"),
	(50,128,"Isuerre"),
	(3,129,"Tibi"),
	(5,129,"Mirón, El"),
	(6,129,"Táliga"),
	(8,129,"Muntanyola"),
	(9,129,"Fresneda de la Sierra Tirón"),
	(10,129,"Morcillo"),
	(12,129,"Villafranca del Cid/Vilafranca"),
	(16,129,"Montalbanejo"),
	(17,129,"Pedret i Marzà"),
	(19,129,"Gascueña de Bornova"),
	(22,129,"Isábena"),
	(24,129,"Reyero"),
	(25,129,"Llobera"),
	(26,129,"San Asensio"),
	(28,129,"San Agustín del Guadalix"),
	(31,129,"Ituren"),
	(34,129,"Pino del Río"),
	(37,129,"Florida de Liébana"),
	(40,129,"Montejo de Arévalo"),
	(42,129,"Navaleno"),
	(43,129,"Riudoms"),
	(44,129,"Jatiel"),
	(45,129,"Paredes de Escalona"),
	(46,129,"Fuenterrobles"),
	(47,129,"Quintanilla de Onésimo"),
	(49,129,"Morales de Toro"),
	(50,129,"Jaraba"),
	(3,130,"Tollos"),
	(5,130,"Mironcillo"),
	(6,130,"Tamurejo"),
	(8,130,"Montclar"),
	(9,130,"Fresneña"),
	(10,130,"Navaconcejo"),
	(12,130,"Villahermosa del Río"),
	(16,130,"Montalbo"),
	(17,130,"Pera, La"),
	(19,130,"Guadalajara"),
	(22,130,"Jaca"),
	(24,130,"Riaño"),
	(25,130,"Maldà"),
	(26,130,"San Millán de la Cogolla"),
	(28,130,"San Fernando de Henares"),
	(31,130,"Iturmendi"),
	(34,130,"Piña de Campos"),
	(37,130,"Forfoleda"),
	(40,130,"Montejo de la Vega de la Serrezuela"),
	(42,130,"Nepas"),
	(43,130,"Rocafort de Queralt"),
	(44,130,"Jorcas"),
	(45,130,"Parrillas"),
	(46,130,"Gavarda"),
	(47,130,"Quintanilla de Trigueros"),
	(49,130,"Morales de Valverde"),
	(50,130,"Jarque"),
	(3,131,"Tormos"),
	(5,131,"Mirueña de los Infanzones"),
	(6,131,"Torre de Miguel Sesmero"),
	(8,131,"Montesquiu"),
	(9,131,"Fresnillo de las Dueñas"),
	(10,131,"Navalmoral de la Mata"),
	(12,131,"Villamalur"),
	(16,131,"Monteagudo de las Salinas"),
	(22,131,"Jasa"),
	(24,131,"Riego de la Vega"),
	(25,131,"Massalcoreig"),
	(26,131,"San Millán de Yécora"),
	(28,131,"San Lorenzo de El Escorial"),
	(31,131,"Iza/Itza"),
	(34,131,"Población de Arroyo"),
	(37,131,"Frades de la Sierra"),
	(40,131,"Monterrubio"),
	(42,131,"Nolay"),
	(43,131,"Roda de Barà"),
	(44,131,"Josa"),
	(45,131,"Pelahustán"),
	(46,131,"Gandia"),
	(47,131,"Rábano"),
	(49,131,"Moralina"),
	(50,131,"Jaulín"),
	(3,132,"Torremanzanas/Torre de les Maçanes, la"),
	(5,132,"Mombeltrán"),
	(6,132,"Torremayor"),
	(8,132,"Montmajor"),
	(9,132,"Fresno de Río Tirón"),
	(10,132,"Navalvillar de Ibor"),
	(12,132,"Vilanova d'Alcolea"),
	(16,132,"Mota de Altarejos"),
	(17,132,"Peralada"),
	(18,132,"Moclín"),
	(19,132,"Henche"),
	(24,132,"Riello"),
	(25,132,"Massoteres"),
	(26,132,"San Román de Cameros"),
	(28,132,"San Martín de la Vega"),
	(31,132,"Izagaondoa"),
	(34,132,"Población de Campos"),
	(37,132,"Fregeneda, La"),
	(40,132,"Moral de Hornuez"),
	(42,132,"Noviercas"),
	(43,132,"Rodonyà"),
	(44,132,"Lagueruela"),
	(45,132,"Pepino"),
	(46,132,"Genovés"),
	(47,132,"Ramiro"),
	(49,132,"Moreruela de los Infanzones"),
	(50,132,"Joyosa, La"),
	(3,133,"Torrevieja"),
	(5,133,"Monsalupe"),
	(6,133,"Torremejía"),
	(8,133,"Montmaneu"),
	(9,133,"Fresno de Rodilla"),
	(10,133,"Navas del Madroño"),
	(12,133,"Villanueva de Viver"),
	(16,133,"Mota del Cuervo"),
	(17,133,"Planes d'Hostoles, Les"),
	(18,133,"Molvízar"),
	(19,133,"Heras de Ayuso"),
	(22,133,"Labuerda"),
	(24,133,"Rioseco de Tapia"),
	(25,133,"Maials"),
	(28,133,"San Martín de Valdeiglesias"),
	(31,133,"Izalzu/Itzaltzu"),
	(34,133,"Población de Cerrato"),
	(37,133,"Fresnedoso"),
	(43,133,"Roquetes"),
	(44,133,"Lanzuela"),
	(45,133,"Polán"),
	(46,133,"Gestalgar"),
	(47,133,"Renedo de Esgueva"),
	(49,133,"Moreruela de Tábara"),
	(50,133,"Lagata"),
	(3,134,"Vall d'Alcalà, la"),
	(5,134,"Moraleja de Matacabras"),
	(6,134,"Trasierra"),
	(8,134,"Figaró-Montmany"),
	(9,134,"Frías"),
	(10,134,"Navezuelas"),
	(12,134,"Vilar de Canes"),
	(16,134,"Motilla del Palancar"),
	(17,134,"Planoles"),
	(18,134,"Monachil"),
	(19,134,"Herrería"),
	(24,134,"Robla, La"),
	(25,134,"Menàrguens"),
	(26,134,"Santa Coloma"),
	(28,134,"San Sebastián de los Reyes"),
	(31,134,"Jaurrieta"),
	(34,134,"Polentinos"),
	(37,134,"Fresno Alhándiga"),
	(40,134,"Mozoncillo"),
	(42,134,"Ólvega"),
	(43,134,"Rourell, El"),
	(45,134,"Portillo de Toledo"),
	(46,134,"Gilet"),
	(47,134,"Roales de Campos"),
	(49,134,"Muelas de los Caballeros"),
	(50,134,"Langa del Castillo"),
	(3,135,"Vall d'Ebo, la"),
	(5,135,"Muñana"),
	(6,135,"Trujillanos"),
	(8,135,"Montmeló"),
	(9,135,"Fuentebureba"),
	(10,135,"Nuñomoral"),
	(12,135,"Vila-real"),
	(16,135,"Moya"),
	(17,135,"Pont de Molins"),
	(18,135,"Montefrío"),
	(19,135,"Hiendelaencina"),
	(22,135,"Laluenga"),
	(25,135,"Miralcamp"),
	(26,135,"Santa Engracia del Jubera"),
	(28,135,"Santa María de la Alameda"),
	(31,135,"Javier"),
	(34,135,"Pomar de Valdivia"),
	(37,135,"Fuente de San Esteban, La"),
	(40,135,"Muñopedro"),
	(42,135,"Oncala"),
	(43,135,"Salomó"),
	(44,135,"Libros"),
	(45,135,"Puebla de Almoradiel, La"),
	(46,135,"Godella"),
	(47,135,"Robladillo"),
	(49,135,"Muelas del Pan"),
	(50,135,"Layana"),
	(3,136,"Vall de Gallinera"),
	(5,136,"Muñico"),
	(6,136,"Usagre"),
	(8,136,"Montornès del Vallès"),
	(9,136,"Fuentecén"),
	(10,136,"Oliva de Plasencia"),
	(12,136,"Vilavella, la"),
	(17,136,"Pontós"),
	(18,136,"Montejícar"),
	(19,136,"Hijes"),
	(22,136,"Lalueza"),
	(24,136,"Roperuelos del Páramo"),
	(25,136,"Molsosa, La"),
	(26,136,"Santa Eulalia Bajera"),
	(28,136,"Santorcaz"),
	(31,136,"Juslapeña"),
	(34,136,"Poza de la Vega"),
	(37,136,"Fuenteguinaldo"),
	(40,136,"Muñoveros"),
	(43,136,"Sant Carles de la Ràpita"),
	(44,136,"Lidón"),
	(45,136,"Puebla de Montalbán, La"),
	(46,136,"Godelleta"),
	(49,136,"Muga de Sayago"),
	(50,136,"Lécera"),
	(3,137,"Vall de Laguar, la"),
	(6,137,"Valdecaballeros"),
	(8,137,"Montseny"),
	(9,137,"Fuentelcésped"),
	(10,137,"Palomero"),
	(12,137,"Villores"),
	(16,137,"Narboneta"),
	(17,137,"Porqueres"),
	(18,137,"Montillana"),
	(22,137,"Lanaja"),
	(24,137,"Sabero"),
	(25,137,"Mollerussa"),
	(28,137,"Santos de la Humosa, Los"),
	(31,137,"Beintza-Labaien"),
	(34,137,"Pozo de Urama"),
	(37,137,"Fuenteliante"),
	(43,137,"Sant Jaume dels Domenys"),
	(44,137,"Linares de Mora"),
	(45,137,"Pueblanueva, La"),
	(46,137,"Granja de la Costera, la"),
	(47,137,"Roturas"),
	(49,137,"Navianos de Valverde"),
	(50,137,"Leciñena"),
	(3,138,"Verger, el"),
	(5,138,"Muñogalindo"),
	(6,138,"Valdetorres"),
	(8,138,"Moià"),
	(9,138,"Fuentelisendo"),
	(10,138,"Pasarón de la Vera"),
	(12,138,"Vinaròs"),
	(17,138,"Portbou"),
	(18,138,"Moraleda de Zafayona"),
	(19,138,"Hita"),
	(25,138,"Montgai"),
	(26,138,"Santo Domingo de la Calzada"),
	(28,138,"Serna del Monte, La"),
	(31,138,"Lakuntza"),
	(37,138,"Fuenterroble de Salvatierra"),
	(40,138,"Nava de la Asunción"),
	(43,138,"Santa Bàrbara"),
	(44,138,"Loscos"),
	(45,138,"Puente del Arzobispo, El"),
	(46,138,"Guadasséquies"),
	(47,138,"Rubí de Bracamonte"),
	(49,138,"Olmillos de Castro"),
	(50,138,"Lechón"),
	(3,139,"Villajoyosa/Vila Joiosa, la"),
	(5,139,"Muñogrande"),
	(6,139,"Valencia de las Torres"),
	(8,139,"Mura"),
	(9,139,"Fuentemolinos"),
	(10,139,"Pedroso de Acim"),
	(12,139,"Vistabella del Maestrazgo"),
	(16,139,"Olivares de Júcar"),
	(17,139,"Preses, Les"),
	(19,139,"Hombrados"),
	(22,139,"Laperdiguera"),
	(24,139,"Sahagún"),
	(25,139,"Montellà i Martinet"),
	(26,139,"San Torcuato"),
	(31,139,"Lana"),
	(34,139,"Prádanos de Ojeda"),
	(37,139,"Fuentes de Béjar"),
	(40,139,"Navafría"),
	(42,139,"Pinilla del Campo"),
	(43,139,"Santa Coloma de Queralt"),
	(45,139,"Puerto de San Vicente"),
	(46,139,"Guadassuar"),
	(47,139,"Rueda"),
	(49,139,"Otero de Bodas"),
	(50,139,"Letux"),
	(3,140,"Villena"),
	(5,140,"Muñomer del Peco"),
	(6,140,"Valencia del Mombuey"),
	(8,140,"Navarcles"),
	(9,140,"Fuentenebro"),
	(10,140,"Peraleda de la Mata"),
	(12,140,"Viver"),
	(16,140,"Olmeda de la Cuesta"),
	(17,140,"Port de la Selva, El"),
	(18,140,"Motril"),
	(25,140,"Montferrer i Castellbò"),
	(26,140,"Santurde de Rioja"),
	(28,140,"Serranillos del Valle"),
	(31,140,"Lantz"),
	(34,140,"Puebla de Valdavia, La"),
	(37,140,"Fuentes de Oñoro"),
	(40,140,"Navalilla"),
	(42,140,"Portillo de Soria"),
	(43,140,"Santa Oliva"),
	(45,140,"Pulgar"),
	(46,140,"Guardamar de la Safor"),
	(47,140,"Saelices de Mayorga"),
	(50,140,"Litago"),
	(5,141,"Muñopepe"),
	(6,141,"Valencia del Ventoso"),
	(8,141,"Navàs"),
	(9,141,"Fuentespina"),
	(10,141,"Peraleda de San Román"),
	(12,141,"Zorita del Maestrazgo"),
	(16,141,"Olmeda del Rey"),
	(17,141,"Puigcerdà"),
	(18,141,"Murtas"),
	(22,141,"Lascellas-Ponzano"),
	(24,141,"San Adrián del Valle"),
	(25,141,"Montoliu de Segarra"),
	(26,141,"Santurdejo"),
	(28,141,"Sevilla la Nueva"),
	(31,141,"Lapoblación"),
	(34,141,"Quintana del Puente"),
	(37,141,"Gajates"),
	(40,141,"Navalmanzano"),
	(42,141,"Póveda de Soria, La"),
	(43,141,"Pontils"),
	(44,141,"Lledó"),
	(45,141,"Quero"),
	(46,141,"Higueruelas"),
	(47,141,"Salvador de Zapardiel"),
	(49,141,"Pajares de la Lampreana"),
	(50,141,"Lituénigo"),
	(5,142,"Muñosancho"),
	(6,142,"Valverde de Burguillos"),
	(8,142,"Nou de Berguedà, La"),
	(10,142,"Perales del Puerto"),
	(12,142,"Zucaina"),
	(16,142,"Olmedilla de Alarcón"),
	(17,142,"Quart"),
	(19,142,"Hontoba"),
	(22,142,"Lascuarre"),
	(24,142,"San Andrés del Rabanedo"),
	(25,142,"Montoliu de Lleida"),
	(26,142,"San Vicente de la Sonsierra"),
	(31,142,"Larraga"),
	(37,142,"Galindo y Perahuy"),
	(40,142,"Navares de Ayuso"),
	(42,142,"Pozalmuro"),
	(43,142,"Sarral"),
	(44,142,"Maicas"),
	(45,142,"Quintanar de la Orden"),
	(46,142,"Jalance"),
	(47,142,"San Cebrián de Mazote"),
	(49,142,"Palacios del Pan"),
	(50,142,"Lobera de Onsella"),
	(5,143,"Muñotello"),
	(6,143,"Valverde de Leganés"),
	(8,143,"Òdena"),
	(9,143,"Galbarros"),
	(10,143,"Pescueza"),
	(16,143,"Olmedilla de Eliz"),
	(17,143,"Rabós"),
	(18,143,"Nigüelas"),
	(19,143,"Horche"),
	(22,143,"Laspaúles"),
	(24,143,"Sancedo"),
	(25,143,"Montornès de Segarra"),
	(26,143,"Sojuela"),
	(28,143,"Somosierra"),
	(31,143,"Larraona"),
	(34,143,"Quintanilla de Onsoña"),
	(37,143,"Galinduste"),
	(40,143,"Navares de Enmedio"),
	(43,143,"Savallà del Comtat"),
	(44,143,"Manzanera"),
	(45,143,"Quismondo"),
	(46,143,"Xeraco"),
	(47,143,"San Llorente"),
	(49,143,"Palacios de Sanabria"),
	(50,143,"Longares"),
	(5,144,"Narrillos del Álamo"),
	(6,144,"Valverde de Llerena"),
	(8,144,"Olvan"),
	(9,144,"Gallega, La"),
	(10,144,"Pesga, La"),
	(17,144,"Regencós"),
	(18,144,"Nívar"),
	(22,144,"Laspuña"),
	(24,144,"San Cristóbal de la Polantera"),
	(26,144,"Sorzano"),
	(28,144,"Soto del Real"),
	(31,144,"Larraun"),
	(37,144,"Galisancho"),
	(40,144,"Navares de las Cuevas"),
	(42,144,"Quintana Redonda"),
	(43,144,"Secuita, La"),
	(44,144,"Martín del Río"),
	(45,144,"Real de San Vicente, El"),
	(46,144,"Jarafuel"),
	(47,144,"San Martín de Valvení"),
	(50,144,"Longás"),
	(5,145,"Narrillos del Rebollar"),
	(6,145,"Valverde de Mérida"),
	(8,145,"Olèrdola"),
	(10,145,"Piedras Albas"),
	(16,145,"Osa de la Vega"),
	(17,145,"Ribes de Freser"),
	(18,145,"Ogíjares"),
	(19,145,"Hortezuela de Océn"),
	(24,145,"San Emiliano"),
	(25,145,"Nalec"),
	(26,145,"Sotés"),
	(28,145,"Talamanca de Jarama"),
	(31,145,"Lazagurría"),
	(37,145,"Gallegos de Argañán"),
	(40,145,"Navas de Oro"),
	(42,145,"Quintanas de Gormaz"),
	(43,145,"Selva del Camp, La"),
	(44,145,"Mas de las Matas"),
	(45,145,"Recas"),
	(46,145,"Xàtiva"),
	(47,145,"San Miguel del Arroyo"),
	(49,145,"Pedralba de la Pradería"),
	(6,146,"Valle de la Serena"),
	(8,146,"Olesa de Bonesvalls"),
	(10,146,"Pinofranqueado"),
	(16,146,"Pajarón"),
	(17,146,"Riells i Viabrea"),
	(18,146,"Orce"),
	(19,146,"Huerce, La"),
	(24,146,"San Esteban de Nogales"),
	(25,146,"Navès"),
	(26,146,"Soto en Cameros"),
	(28,146,"Tielmes"),
	(31,146,"Leache"),
	(34,146,"Reinoso de Cerrato"),
	(37,146,"Gallegos de Solmirón"),
	(40,146,"Navas de San Antonio"),
	(43,146,"Senan"),
	(44,146,"Mata de los Olmos, La"),
	(45,146,"Retamoso de la Jara"),
	(46,146,"Xeresa"),
	(47,146,"San Miguel del Pino"),
	(49,146,"Pego, El"),
	(50,146,"Lucena de Jalón"),
	(5,147,"Narros del Castillo"),
	(6,147,"Valle de Matamoros"),
	(8,147,"Olesa de Montserrat"),
	(10,147,"Piornal"),
	(16,147,"Pajaroncillo"),
	(17,147,"Ripoll"),
	(18,147,"Órgiva"),
	(19,147,"Huérmeces del Cerro"),
	(26,147,"Terroba"),
	(28,147,"Titulcia"),
	(31,147,"Legarda"),
	(34,147,"Renedo de la Vega"),
	(37,147,"Garcibuey"),
	(43,147,"Solivella"),
	(44,147,"Mazaleón"),
	(45,147,"Rielves"),
	(46,147,"Llíria"),
	(47,147,"San Pablo de la Moraleja"),
	(49,147,"Peleagonzalo"),
	(50,147,"Luceni"),
	(5,148,"Narros del Puerto"),
	(6,148,"Valle de Santa Ana"),
	(8,148,"Olivella"),
	(9,148,"Grijalba"),
	(10,148,"Plasencia"),
	(16,148,"Palomares del Campo"),
	(17,148,"Riudarenes"),
	(18,148,"Otívar"),
	(19,148,"Huertahernando"),
	(24,148,"San Justo de la Vega"),
	(25,148,"Odèn"),
	(26,148,"Tirgo"),
	(28,148,"Torrejón de Ardoz"),
	(31,148,"Legaria"),
	(37,148,"Garcihernández"),
	(40,148,"Nieva"),
	(42,148,"Quiñonería"),
	(43,148,"Tarragona"),
	(44,148,"Mezquita de Jarque"),
	(45,148,"Robledo del Mazo"),
	(46,148,"Loriguilla"),
	(47,148,"San Pedro de Latarce"),
	(49,148,"Peleas de Abajo"),
	(50,148,"Luesia"),
	(5,149,"Narros de Saldueña"),
	(6,149,"Villafranca de los Barros"),
	(8,149,"Olost"),
	(9,149,"Grisaleña"),
	(10,149,"Plasenzuela"),
	(16,149,"Palomera"),
	(17,149,"Riudaura"),
	(18,149,"Otura"),
	(22,149,"Loarre"),
	(24,149,"San Millán de los Caballeros"),
	(25,149,"Oliana"),
	(26,149,"Tobía"),
	(28,149,"Torrejón de la Calzada"),
	(31,149,"Leitza"),
	(34,149,"Requena de Campos"),
	(37,149,"Garcirrey"),
	(40,149,"Olombrada"),
	(42,149,"Rábanos, Los"),
	(43,149,"Tivenys"),
	(44,149,"Mirambel"),
	(45,149,"Romeral, El"),
	(46,149,"Losa del Obispo"),
	(47,149,"San Pelayo"),
	(49,149,"Peñausende"),
	(50,149,"Luesma"),
	(6,150,"Villagarcía de la Torre"),
	(8,150,"Orís"),
	(10,150,"Portaje"),
	(16,150,"Paracuellos"),
	(17,150,"Riudellots de la Selva"),
	(18,150,"Padul"),
	(19,150,"Hueva"),
	(22,150,"Loporzano"),
	(24,150,"San Pedro Bercianos"),
	(25,150,"Oliola"),
	(26,150,"Tormantos"),
	(28,150,"Torrejón de Velasco"),
	(31,150,"Leoz/Leotz"),
	(37,150,"Gejuelo del Barro"),
	(40,150,"Orejana"),
	(43,150,"Tivissa"),
	(44,150,"Miravete de la Sierra"),
	(45,150,"San Bartolomé de las Abiertas"),
	(46,150,"Llutxent"),
	(47,150,"San Román de Hornija"),
	(49,150,"Peque"),
	(50,150,"Lumpiaque"),
	(5,151,"Navacepedilla de Corneja"),
	(6,151,"Villagonzalo"),
	(8,151,"Oristà"),
	(9,151,"Gumiel de Izán"),
	(10,151,"Portezuelo"),
	(16,151,"Paredes"),
	(17,151,"Riumors"),
	(18,151,"Pampaneira"),
	(19,151,"Humanes"),
	(22,151,"Loscorrales"),
	(24,151,"Santa Colomba de Curueño"),
	(25,151,"Olius"),
	(26,151,"Torrecilla en Cameros"),
	(28,151,"Torrelaguna"),
	(31,151,"Lerga"),
	(34,151,"Respenda de la Peña"),
	(37,151,"Golpejas"),
	(40,151,"Ortigosa de Pestaño"),
	(42,151,"Rebollar"),
	(43,151,"Torre de Fontaubella, La"),
	(44,151,"Molinos"),
	(45,151,"San Martín de Montalbán"),
	(46,151,"Llocnou d'En Fenollet"),
	(47,151,"San Salvador"),
	(49,151,"Perdigón, El"),
	(50,151,"Luna"),
	(5,152,"Nava de Arévalo"),
	(6,152,"Villalba de los Barros"),
	(8,152,"Orpí"),
	(9,152,"Gumiel de Mercado"),
	(10,152,"Pozuelo de Zarzón"),
	(16,152,"Parra de las Vegas, La"),
	(17,152,"Roses"),
	(18,152,"Pedro Martínez"),
	(19,152,"Illana"),
	(24,152,"Santa Colomba de Somoza"),
	(25,152,"Oluges, Les"),
	(26,152,"Torrecilla sobre Alesanco"),
	(28,152,"Torrelodones"),
	(31,152,"Lerín"),
	(34,152,"Revenga de Campos"),
	(37,152,"Gomecello"),
	(40,152,"Otero de Herreros"),
	(42,152,"Recuerda"),
	(43,152,"Torre de l'Espanyol, La"),
	(44,152,"Monforte de Moyuela"),
	(45,152,"San Martín de Pusa"),
	(46,152,"Llocnou de la Corona"),
	(47,152,"Santa Eufemia del Arroyo"),
	(49,152,"Pereruela"),
	(50,152,"Maella"),
	(5,153,"Nava del Barco"),
	(6,153,"Villanueva de la Serena"),
	(8,153,"Òrrius"),
	(10,153,"Puerto de Santa Cruz"),
	(16,153,"Pedernoso, El"),
	(17,153,"Rupià"),
	(18,153,"Peligros"),
	(19,153,"Iniéstola"),
	(24,153,"Santa Cristina de Valmadrigal"),
	(25,153,"Omellons, Els"),
	(26,153,"Torre en Cameros"),
	(28,153,"Torremocha de Jarama"),
	(31,153,"Lesaka"),
	(42,153,"Rello"),
	(43,153,"Torredembarra"),
	(44,153,"Monreal del Campo"),
	(45,153,"San Pablo de los Montes"),
	(46,153,"Llocnou de Sant Jeroni"),
	(47,153,"Santervás de Campos"),
	(49,153,"Perilla de Castro"),
	(50,153,"Magallón"),
	(5,154,"Navadijos"),
	(6,154,"Villanueva del Fresno"),
	(8,154,"Pacs del Penedès"),
	(9,154,"Hacinas"),
	(10,154,"Rebollar"),
	(16,154,"Pedroñeras, Las"),
	(17,154,"Sales de Llierca"),
	(18,154,"Peza, La"),
	(19,154,"Inviernas, Las"),
	(24,154,"Santa Elena de Jamuz"),
	(25,154,"Omells de na Gaia, Els"),
	(26,154,"Torremontalbo"),
	(28,154,"Torres de la Alameda"),
	(31,154,"Lezáun"),
	(34,154,"Revilla de Collazos"),
	(37,154,"Guadramiro"),
	(40,154,"Pajarejos"),
	(42,154,"Renieblas"),
	(43,154,"Torroja del Priorat"),
	(44,154,"Monroyo"),
	(45,154,"San Román de los Montes"),
	(46,154,"Llanera de Ranes"),
	(47,154,"Santibáñez de Valcorba"),
	(49,154,"Pías"),
	(50,154,"Mainar"),
	(5,155,"Navaescurial"),
	(6,155,"Villar del Rey"),
	(8,155,"Palafolls"),
	(9,155,"Haza"),
	(10,155,"Riolobos"),
	(16,155,"Peral, El"),
	(17,155,"Salt"),
	(19,155,"Irueste"),
	(22,155,"Monesma y Cajigar"),
	(24,155,"Santa María de la Isla"),
	(25,155,"Organyà"),
	(26,155,"Treviana"),
	(28,155,"Valdaracete"),
	(31,155,"Liédena"),
	(34,155,"Ribas de Campos"),
	(37,155,"Guijo de Ávila"),
	(40,155,"Palazuelos de Eresma"),
	(42,155,"Retortillo de Soria"),
	(43,155,"Tortosa"),
	(44,155,"Montalbán"),
	(45,155,"Santa Ana de Pusa"),
	(46,155,"Llaurí"),
	(47,155,"Santovenia de Pisuerga"),
	(49,155,"Piedrahita de Castro"),
	(50,155,"Malanquilla"),
	(5,156,"Navahondilla"),
	(6,156,"Villar de Rena"),
	(8,156,"Palau-solità i Plegamans"),
	(10,156,"Robledillo de Gata"),
	(16,156,"Peraleja, La"),
	(19,156,"Jadraque"),
	(22,156,"Monflorite-Lascasas"),
	(24,156,"Santa María del Monte de Cea"),
	(25,156,"Os de Balaguer"),
	(28,156,"Valdeavero"),
	(31,156,"Lizoáin-Arriasgoiti"),
	(34,156,"Riberos de la Cueza"),
	(37,156,"Guijuelo"),
	(40,156,"Pedraza"),
	(42,156,"Reznos"),
	(43,156,"Ulldecona"),
	(44,156,"Monteagudo del Castillo"),
	(45,156,"Santa Cruz de la Zarza"),
	(46,156,"Llombai"),
	(47,156,"San Vicente del Palacio"),
	(49,156,"Pinilla de Toro"),
	(50,156,"Maleján"),
	(5,157,"Navalacruz"),
	(6,157,"Villarta de los Montes"),
	(8,157,"Pallejà"),
	(10,157,"Robledillo de la Vera"),
	(16,157,"Pesquera, La"),
	(17,157,"Sant Andreu Salou"),
	(18,157,"Pinos Genil"),
	(19,157,"Jirueque"),
	(22,157,"Montanuy"),
	(24,157,"Santa María del Páramo"),
	(25,157,"Ossó de Sió"),
	(26,157,"Tricio"),
	(28,157,"Valdelaguna"),
	(31,157,"Lodosa"),
	(34,157,"Saldaña"),
	(37,157,"Herguijuela de Ciudad Rodrigo"),
	(40,157,"Pelayos del Arroyo"),
	(42,157,"Riba de Escalote, La"),
	(43,157,"Ulldemolins"),
	(44,157,"Monterde de Albarracín"),
	(45,157,"Santa Cruz del Retamar"),
	(46,157,"Llosa de Ranes, la"),
	(47,157,"Sardón de Duero"),
	(49,157,"Pino del Oro"),
	(50,157,"Malón"),
	(5,158,"Navalmoral"),
	(6,158,"Zafra"),
	(8,158,"Papiol, El"),
	(10,158,"Robledillo de Trujillo"),
	(16,158,"Picazo, El"),
	(17,158,"Sant Climent Sescebes"),
	(18,158,"Pinos Puente"),
	(22,158,"Monzón"),
	(24,158,"Santa María de Ordás"),
	(25,158,"Palau d'Anglesola, El"),
	(26,158,"Tudelilla"),
	(28,158,"Valdemanco"),
	(31,158,"Lónguida/Longida"),
	(34,158,"Salinas de Pisuerga"),
	(37,158,"Herguijuela de la Sierra"),
	(40,158,"Perosillo"),
	(42,158,"Rioseco de Soria"),
	(43,158,"Vallclara"),
	(44,158,"Mora de Rubielos"),
	(45,158,"Santa Olalla"),
	(46,158,"Macastre"),
	(47,158,"Seca, La"),
	(49,158,"Piñero, El"),
	(5,159,"Navalonguilla"),
	(6,159,"Zahínos"),
	(8,159,"Parets del Vallès"),
	(9,159,"Hontanas"),
	(10,159,"Robledollano"),
	(16,159,"Pinarejo"),
	(17,159,"Sant Feliu de Buixalleu"),
	(18,159,"Píñar"),
	(19,159,"Ledanca"),
	(24,159,"Santa Marina del Rey"),
	(28,159,"Valdemaqueda"),
	(31,159,"Lumbier"),
	(34,159,"San Cebrián de Campos"),
	(37,159,"Herguijuela del Campo"),
	(40,159,"Pinarejos"),
	(42,159,"Rollamienta"),
	(43,159,"Vallfogona de Riucorb"),
	(44,159,"Moscardón"),
	(45,159,"Sartajada"),
	(46,159,"Manises"),
	(47,159,"Serrada"),
	(49,159,"Pobladura del Valle"),
	(50,159,"Maluenda"),
	(5,160,"Navalosa"),
	(6,160,"Zalamea de la Serena"),
	(8,160,"Perafita"),
	(9,160,"Hontangas"),
	(10,160,"Romangordo"),
	(16,160,"Pineda de Gigüela"),
	(17,160,"Sant Feliu de Guíxols"),
	(19,160,"Loranca de Tajuña"),
	(22,160,"Naval"),
	(24,160,"Santas Martas"),
	(26,160,"Uruñuela"),
	(28,160,"Valdemorillo"),
	(31,160,"Luquin"),
	(34,160,"San Cebrián de Mudá"),
	(37,160,"Hinojosa de Duero"),
	(40,160,"Pinarnegrillo"),
	(42,160,"Royo, El"),
	(43,160,"Vallmoll"),
	(44,160,"Mosqueruela"),
	(45,160,"Segurilla"),
	(46,160,"Manuel"),
	(47,160,"Siete Iglesias de Trabancos"),
	(49,160,"Pobladura de Valderaduey"),
	(50,160,"Mallén"),
	(5,161,"Navalperal de Pinares"),
	(6,161,"Zarza-Capilla"),
	(8,161,"Piera"),
	(10,161,"Ruanes"),
	(16,161,"Piqueras del Castillo"),
	(17,161,"Sant Feliu de Pallerols"),
	(18,161,"Polícar"),
	(19,161,"Lupiana"),
	(24,161,"Santiago Millas"),
	(25,161,"Conca de Dalt"),
	(26,161,"Valdemadera"),
	(28,161,"Valdemoro"),
	(31,161,"Mañeru"),
	(34,161,"San Cristóbal de Boedo"),
	(37,161,"Horcajo de Montemayor"),
	(40,161,"Pradales"),
	(42,161,"Salduero"),
	(43,161,"Valls"),
	(44,161,"Muniesa"),
	(45,161,"Seseña"),
	(46,161,"Marines"),
	(47,161,"Simancas"),
	(50,161,"Manchones"),
	(5,162,"Navalperal de Tormes"),
	(6,162,"Zarza, La"),
	(8,162,"Hostalets de Pierola, Els"),
	(9,162,"Hontoria de la Cantera"),
	(10,162,"Salorino"),
	(16,162,"Portalrubio de Guadamejud"),
	(17,162,"Sant Ferriol"),
	(18,162,"Polopos"),
	(19,162,"Luzaga"),
	(22,162,"Novales"),
	(24,162,"Santovenia de la Valdoncina"),
	(26,162,"Valgañón"),
	(28,162,"Valdeolmos-Alalpardo"),
	(31,162,"Marañón"),
	(37,162,"Horcajo Medianero"),
	(40,162,"Prádena"),
	(42,162,"San Esteban de Gormaz"),
	(43,162,"Vandellòs i l'Hospitalet de l'Infant"),
	(45,162,"Sevilleja de la Jara"),
	(46,162,"Massalavés"),
	(47,162,"Tamariz de Campos"),
	(49,162,"Porto"),
	(50,162,"Mara"),
	(5,163,"Navaluenga"),
	(8,163,"Pineda de Mar"),
	(9,163,"Hontoria del Pinar"),
	(10,163,"Salvatierra de Santiago"),
	(16,163,"Portilla"),
	(17,163,"Sant Gregori"),
	(18,163,"Pórtugos"),
	(19,163,"Luzón"),
	(22,163,"Nueno"),
	(24,163,"Sariegos"),
	(25,163,"Coma i la Pedra, La"),
	(26,163,"Ventosa"),
	(28,163,"Valdepiélagos"),
	(31,163,"Marcilla"),
	(34,163,"San Mamés de Campos"),
	(37,163,"Hoya, La"),
	(40,163,"Puebla de Pedraza"),
	(42,163,"San Felices"),
	(43,163,"Vendrell, El"),
	(44,163,"Noguera de Albarracín"),
	(45,163,"Sonseca"),
	(46,163,"Massalfassar"),
	(47,163,"Tiedra"),
	(49,163,"Pozoantiguo"),
	(50,163,"María de Huerva"),
	(5,164,"Navaquesera"),
	(8,164,"Pla del Penedès, El"),
	(9,164,"Hontoria de Valdearados"),
	(10,164,"San Martín de Trevejo"),
	(17,164,"Sant Hilari Sacalm"),
	(18,164,"Puebla de Don Fadrique"),
	(22,164,"Olvena"),
	(24,164,"Sena de Luna"),
	(25,164,"Penelles"),
	(26,164,"Ventrosa"),
	(28,164,"Valdetorres de Jarama"),
	(31,164,"Mélida"),
	(37,164,"Huerta"),
	(40,164,"Rapariegos"),
	(42,164,"San Leonardo de Yagüe"),
	(43,164,"Vespella de Gaià"),
	(44,164,"Nogueras"),
	(45,164,"Sotillo de las Palomas"),
	(46,164,"Massamagrell"),
	(47,164,"Tordehumos"),
	(49,164,"Pozuelo de Tábara"),
	(50,164,"Mediana de Aragón"),
	(5,165,"Navarredonda de Gredos"),
	(8,165,"Pobla de Claramunt, La"),
	(10,165,"Santa Ana"),
	(16,165,"Poyatos"),
	(17,165,"Sant Jaume de Llierca"),
	(18,165,"Pulianas"),
	(19,165,"Majaelrayo"),
	(22,165,"Ontiñena"),
	(24,165,"Sobrado"),
	(25,165,"Peramola"),
	(26,165,"Viguera"),
	(28,165,"Valdilecha"),
	(31,165,"Mendavia"),
	(34,165,"San Román de la Cuba"),
	(37,165,"Iruelos"),
	(40,165,"Rebollo"),
	(42,165,"San Pedro Manrique"),
	(43,165,"Vilabella"),
	(44,165,"Nogueruelas"),
	(45,165,"Talavera de la Reina"),
	(46,165,"Massanassa"),
	(47,165,"Tordesillas"),
	(49,165,"Prado"),
	(50,165,"Mequinenza"),
	(5,166,"Navarredondilla"),
	(8,166,"Pobla de Lillet, La"),
	(9,166,"Hormazas, Las"),
	(10,166,"Santa Cruz de la Sierra"),
	(16,166,"Pozoamargo"),
	(17,166,"Sant Jordi Desvalls"),
	(19,166,"Málaga del Fresno"),
	(24,166,"Soto de la Vega"),
	(25,166,"Pinell de Solsonès"),
	(26,166,"Villalba de Rioja"),
	(28,166,"Valverde de Alcalá"),
	(31,166,"Mendaza"),
	(37,166,"Ituero de Azaba"),
	(40,166,"Remondo"),
	(42,166,"Santa Cruz de Yanguas"),
	(43,166,"Vilallonga del Camp"),
	(45,166,"Tembleque"),
	(46,166,"Meliana"),
	(47,166,"Torrecilla de la Abadesa"),
	(49,166,"Puebla de Sanabria"),
	(50,166,"Mesones de Isuela"),
	(5,167,"Navarrevisca"),
	(8,167,"Polinyà"),
	(9,167,"Hornillos del Camino"),
	(10,167,"Santa Cruz de Paniagua"),
	(16,167,"Pozorrubio"),
	(17,167,"Sant Joan de les Abadesses"),
	(18,167,"Purullena"),
	(19,167,"Malaguilla"),
	(22,167,"Osso de Cinca"),
	(24,167,"Soto y Amío"),
	(25,167,"Pinós"),
	(26,167,"Villalobar de Rioja"),
	(28,167,"Velilla de San Antonio"),
	(31,167,"Mendigorría"),
	(34,167,"Santa Cecilia del Alcor"),
	(37,167,"Juzbado"),
	(42,167,"Santa María de Huerta"),
	(43,167,"Vilanova d'Escornalbou"),
	(44,167,"Obón"),
	(45,167,"Toboso, El"),
	(46,167,"Millares"),
	(47,167,"Torrecilla de la Orden"),
	(49,167,"Pueblica de Valverde"),
	(50,167,"Mezalocha"),
	(5,168,"Navas del Marqués, Las"),
	(8,168,"Pontons"),
	(9,168,"Horra, La"),
	(10,168,"Santa Marta de Magasca"),
	(17,168,"Sant Joan de Mollet"),
	(18,168,"Quéntar"),
	(19,168,"Mandayona"),
	(22,168,"Palo"),
	(24,168,"Toral de los Guzmanes"),
	(25,168,"Poal, El"),
	(26,168,"Villamediana de Iregua"),
	(28,168,"Vellón, El"),
	(31,168,"Metauten"),
	(34,168,"Santa Cruz de Boedo"),
	(37,168,"Lagunilla"),
	(40,168,"Riaguas de San Bartolomé"),
	(42,168,"Santa María de las Hoyas"),
	(43,168,"Vilanova de Prades"),
	(44,168,"Odón"),
	(45,168,"Toledo"),
	(46,168,"Miramar"),
	(47,168,"Torrecilla de la Torre"),
	(49,168,"Quintanilla del Monte"),
	(50,168,"Mianos"),
	(5,169,"Navatalgordo"),
	(8,169,"Prat de Llobregat, El"),
	(9,169,"Hortigüela"),
	(10,169,"Santiago de Alcántara"),
	(16,169,"Pozuelo, El"),
	(17,169,"Sant Julià de Ramis"),
	(19,169,"Mantiel"),
	(24,169,"Toreno"),
	(25,169,"Pobla de Cérvoles, La"),
	(26,169,"Villanueva de Cameros"),
	(28,169,"Venturada"),
	(31,169,"Milagro"),
	(34,169,"Santervás de la Vega"),
	(37,169,"Larrodrigo"),
	(43,169,"Vilaplana"),
	(44,169,"Ojos Negros"),
	(45,169,"Torralba de Oropesa"),
	(46,169,"Mislata"),
	(47,169,"Torre de Esgueva"),
	(49,169,"Quintanilla del Olmo"),
	(50,169,"Miedes de Aragón"),
	(5,170,"Navatejares"),
	(8,170,"Prats de Rei, Els"),
	(9,170,"Hoyales de Roa"),
	(10,170,"Santiago del Campo"),
	(16,170,"Priego"),
	(17,170,"Vallfogona de Ripollès"),
	(18,170,"Rubite"),
	(19,170,"Maranchón"),
	(22,170,"Panticosa"),
	(24,170,"Torre del Bierzo"),
	(25,170,"Bellaguarda"),
	(26,170,"Villar de Arnedo, El"),
	(28,170,"Villaconejos"),
	(31,170,"Mirafuentes"),
	(34,170,"Santibáñez de Ecla"),
	(37,170,"Ledesma"),
	(40,170,"Riaza"),
	(43,170,"Vila-rodona"),
	(45,170,"Torrecilla de la Jara"),
	(46,170,"Mogente/Moixent"),
	(47,170,"Torre de Peñafiel"),
	(49,170,"Quintanilla de Urz"),
	(50,170,"Monegrillo"),
	(5,171,"Neila de San Miguel"),
	(8,171,"Prats de Lluçanès"),
	(10,171,"Santibáñez el Alto"),
	(16,171,"Provencio, El"),
	(17,171,"Sant Llorenç de la Muga"),
	(18,171,"Salar"),
	(19,171,"Marchamalo"),
	(24,171,"Trabadelo"),
	(25,171,"Pobla de Segur, La"),
	(26,171,"Villar de Torre"),
	(28,171,"Villa del Prado"),
	(31,171,"Miranda de Arga"),
	(34,171,"Santibáñez de la Peña"),
	(37,171,"Ledrada"),
	(40,171,"Ribota"),
	(42,171,"Serón de Nágima"),
	(43,171,"Vila-seca"),
	(44,171,"Olba"),
	(45,171,"Torre de Esteban Hambrán, La"),
	(46,171,"Moncada"),
	(47,171,"Torrelobatón"),
	(49,171,"Quiruelas de Vidriales"),
	(50,171,"Moneva"),
	(5,172,"Niharra"),
	(8,172,"Premià de Mar"),
	(9,172,"Huérmeces"),
	(10,172,"Santibáñez el Bajo"),
	(16,172,"Puebla de Almenara"),
	(17,172,"Sant Martí de Llémena"),
	(19,172,"Masegoso de Tajuña"),
	(22,172,"Peñalba"),
	(24,172,"Truchas"),
	(25,172,"Ponts"),
	(26,172,"Villarejo"),
	(28,172,"Villalbilla"),
	(31,172,"Monreal/Elo"),
	(37,172,"Linares de Riofrío"),
	(40,172,"Riofrío de Riaza"),
	(42,172,"Soliedra"),
	(43,172,"Vilaverd"),
	(44,172,"Oliete"),
	(45,172,"Torrico"),
	(46,172,"Montserrat"),
	(47,172,"Torrescárcela"),
	(49,172,"Rabanales"),
	(50,172,"Monreal de Ariza"),
	(5,173,"Ojos-Albos"),
	(9,173,"Huerta de Arriba"),
	(10,173,"Saucedilla"),
	(16,173,"Valle de Altomira, El"),
	(17,173,"Sant Martí Vell"),
	(18,173,"Salobreña"),
	(19,173,"Matarrubia"),
	(22,173,"Peñas de Riglos, Las"),
	(24,173,"Turcia"),
	(25,173,"Pont de Suert, El"),
	(26,173,"Villarroya"),
	(28,173,"Villamanrique de Tajo"),
	(31,173,"Monteagudo"),
	(37,173,"Lumbrales"),
	(40,173,"Roda de Eresma"),
	(42,173,"Soria"),
	(43,173,"Vilella Alta, La"),
	(44,173,"Olmos, Los"),
	(45,173,"Torrijos"),
	(46,173,"Montaverner"),
	(47,173,"Traspinedo"),
	(49,173,"Rábano de Aliste"),
	(50,173,"Monterde"),
	(5,174,"Orbita"),
	(8,174,"Puigdàlber"),
	(9,174,"Huerta de Rey"),
	(10,174,"Segura de Toro"),
	(16,174,"Puebla del Salvador"),
	(17,174,"Sant Miquel de Campmajor"),
	(18,174,"Santa Cruz del Comercio"),
	(19,174,"Matillas"),
	(22,174,"Peralta de Alcofea"),
	(24,174,"Urdiales del Páramo"),
	(25,174,"Portella, La"),
	(26,174,"Villarta-Quintana"),
	(28,174,"Villamanta"),
	(31,174,"Morentin"),
	(34,174,"Santoyo"),
	(37,174,"Macotera"),
	(40,174,"Sacramenia"),
	(42,174,"Sotillo del Rincón"),
	(43,174,"Vilella Baixa, La"),
	(44,174,"Orihuela del Tremedal"),
	(45,174,"Totanés"),
	(46,174,"Montesa"),
	(47,174,"Trigueros del Valle"),
	(49,174,"Requejo"),
	(50,174,"Montón"),
	(5,175,"Oso, El"),
	(8,175,"Puig-reig"),
	(9,175,"Humada"),
	(10,175,"Serradilla"),
	(16,175,"Quintanar del Rey"),
	(17,175,"Sant Miquel de Fluvià"),
	(18,175,"Santa Fe"),
	(19,175,"Mazarete"),
	(22,175,"Peralta de Calasanz"),
	(24,175,"Valdefresno"),
	(25,175,"Prats i Sansor"),
	(26,175,"Villavelayo"),
	(28,175,"Villamantilla"),
	(31,175,"Mues"),
	(34,175,"Serna, La"),
	(37,175,"Machacón"),
	(42,175,"Suellacabras"),
	(43,175,"Vilalba dels Arcs"),
	(44,175,"Orrios"),
	(45,175,"Turleque"),
	(46,175,"Montitxelvo/Montichelvo"),
	(47,175,"Tudela de Duero"),
	(49,175,"Revellinos"),
	(50,175,"Morata de Jalón"),
	(5,176,"Padiernos"),
	(8,176,"Pujalt"),
	(9,176,"Hurones"),
	(10,176,"Serrejón"),
	(16,176,"Rada de Haro"),
	(17,176,"Sant Mori"),
	(18,176,"Soportújar"),
	(19,176,"Mazuecos"),
	(22,176,"Peraltilla"),
	(24,176,"Valdefuentes del Páramo"),
	(25,176,"Preixana"),
	(26,176,"Villaverde de Rioja"),
	(28,176,"Villanueva de la Cañada"),
	(31,176,"Murchante"),
	(34,176,"Sotobañado y Priorato"),
	(37,176,"Madroñal"),
	(40,176,"Samboal"),
	(42,176,"Tajahuerce"),
	(43,176,"Vimbodí i Poblet"),
	(44,176,"Palomar de Arroyos"),
	(45,176,"Ugena"),
	(46,176,"Montroy"),
	(47,176,"Unión de Campos, La"),
	(49,176,"Riofrío de Aliste"),
	(50,176,"Morata de Jiloca"),
	(5,177,"Pajares de Adaja"),
	(8,177,"Quar, La"),
	(9,177,"Ibeas de Juarros"),
	(10,177,"Sierra de Fuentes"),
	(16,177,"Reíllo"),
	(17,177,"Sant Pau de Segúries"),
	(18,177,"Sorvilán"),
	(19,177,"Medranda"),
	(22,177,"Perarrúa"),
	(24,177,"Valdelugueros"),
	(25,177,"Preixens"),
	(26,177,"Villoslada de Cameros"),
	(28,177,"Villanueva del Pardillo"),
	(31,177,"Murieta"),
	(34,177,"Soto de Cerrato"),
	(37,177,"Maíllo, El"),
	(40,177,"San Cristóbal de Cuéllar"),
	(42,177,"Tajueco"),
	(43,177,"Vinebre"),
	(44,177,"Pancrudo"),
	(45,177,"Urda"),
	(46,177,"Museros"),
	(47,177,"Urones de Castroponce"),
	(49,177,"Rionegro del Puente"),
	(50,177,"Morés"),
	(5,178,"Palacios de Goda"),
	(8,178,"Rajadell"),
	(9,178,"Ibrillos"),
	(10,178,"Talaván"),
	(17,178,"Sant Pere Pescador"),
	(18,178,"Torre-Cardela"),
	(19,178,"Megina"),
	(22,178,"Pertusa"),
	(24,178,"Valdemora"),
	(26,178,"Viniegra de Abajo"),
	(28,178,"Villanueva de Perales"),
	(31,178,"Murillo el Cuende"),
	(34,178,"Tabanera de Cerrato"),
	(37,178,"Malpartida"),
	(40,178,"San Cristóbal de la Vega"),
	(42,178,"Talveila"),
	(43,178,"Vinyols i els Arcs"),
	(44,178,"Parras de Castellote, Las"),
	(46,178,"Náquera"),
	(47,178,"Urueña"),
	(49,178,"Roales"),
	(50,178,"Moros"),
	(5,179,"Papatrigo"),
	(8,179,"Rellinars"),
	(9,179,"Iglesiarrubia"),
	(10,179,"Talaveruela de la Vera"),
	(18,179,"Torvizcón"),
	(19,179,"Membrillera"),
	(24,179,"Valdepiélago"),
	(25,179,"Prullans"),
	(26,179,"Viniegra de Arriba"),
	(28,179,"Villar del Olmo"),
	(31,179,"Murillo el Fruto"),
	(34,179,"Tabanera de Valdavia"),
	(37,179,"Mancera de Abajo"),
	(40,179,"Sanchonuño"),
	(44,179,"Peñarroya de Tastavins"),
	(45,179,"Valdeverdeja"),
	(46,179,"Navarrés"),
	(47,179,"Valbuena de Duero"),
	(49,179,"Robleda-Cervantes"),
	(50,179,"Moyuela"),
	(5,180,"Parral, El"),
	(8,180,"Ripollet"),
	(9,180,"Iglesias"),
	(10,180,"Talayuela"),
	(17,180,"Santa Coloma de Farners"),
	(18,180,"Trevélez"),
	(24,180,"Valdepolo"),
	(25,180,"Puiggròs"),
	(26,180,"Zarratón"),
	(28,180,"Villarejo de Salvanés"),
	(31,180,"Muruzábal"),
	(34,180,"Támara de Campos"),
	(37,180,"Manzano, El"),
	(40,180,"Sangarcía"),
	(44,180,"Peracense"),
	(45,180,"Valmojado"),
	(46,180,"Novelé/Novetlè"),
	(47,180,"Valdearcos de la Vega"),
	(49,180,"Roelos de Sayago"),
	(50,180,"Mozota"),
	(5,181,"Pascualcobo"),
	(8,181,"Roca del Vallès, La"),
	(9,181,"Isar"),
	(10,181,"Tejeda de Tiétar"),
	(16,181,"Rozalén del Monte"),
	(17,181,"Santa Cristina d'Aro"),
	(18,181,"Turón"),
	(19,181,"Miedes de Atienza"),
	(22,181,"Piracés"),
	(24,181,"Valderas"),
	(25,181,"Puigverd d'Agramunt"),
	(26,181,"Zarzosa"),
	(28,181,"Villaviciosa de Odón"),
	(31,181,"Navascués/Nabaskoze"),
	(34,181,"Tariego de Cerrato"),
	(37,181,"Martiago"),
	(40,181,"Real Sitio de San Ildefonso"),
	(42,181,"Tardelcuende"),
	(44,181,"Peralejos"),
	(45,181,"Velada"),
	(46,181,"Oliva"),
	(47,181,"Valdenebro de los Valles"),
	(49,181,"Rosinos de la Requejada"),
	(50,181,"Muel"),
	(5,182,"Pedro Bernardo"),
	(8,182,"Pont de Vilomara i Rocafort, El"),
	(9,182,"Itero del Castillo"),
	(10,182,"Toril"),
	(17,182,"Santa Llogaia d'Àlguema"),
	(18,182,"Ugíjar"),
	(19,182,"Mierla, La"),
	(22,182,"Plan"),
	(24,182,"Valderrey"),
	(25,182,"Puigverd de Lleida"),
	(28,182,"Villavieja del Lozoya"),
	(31,182,"Nazar"),
	(34,182,"Torquemada"),
	(37,182,"Martinamor"),
	(40,182,"San Martín y Mudrián"),
	(42,182,"Taroda"),
	(44,182,"Perales del Alfambra"),
	(45,182,"Ventas con Peña Aguilera, Las"),
	(46,182,"Olocau"),
	(47,182,"Valdestillas"),
	(50,182,"Muela, La"),
	(5,183,"Pedro-Rodríguez"),
	(8,183,"Roda de Ter"),
	(9,183,"Jaramillo de la Fuente"),
	(10,183,"Tornavacas"),
	(17,183,"Sant Aniol de Finestres"),
	(18,183,"Válor"),
	(19,183,"Milmarcos"),
	(24,183,"Valderrueda"),
	(25,183,"Rialp"),
	(26,183,"Zorraquín"),
	(28,183,"Zarzalejo"),
	(31,183,"Obanos"),
	(37,183,"Martín de Yeltes"),
	(40,183,"San Miguel de Bernuy"),
	(42,183,"Tejado"),
	(44,183,"Pitarque"),
	(45,183,"Ventas de Retamosa, Las"),
	(46,183,"Olleria, l'"),
	(47,183,"Valdunquillo"),
	(49,183,"Salce"),
	(50,183,"Munébrega"),
	(5,184,"Peguerinos"),
	(8,184,"Rubí"),
	(9,184,"Jaramillo Quemado"),
	(10,184,"Torno, El"),
	(17,184,"Santa Pau"),
	(18,184,"Vélez de Benaudalla"),
	(19,184,"Millana"),
	(22,184,"Poleñino"),
	(24,184,"Valdesamario"),
	(31,184,"Oco"),
	(34,184,"Torremormojón"),
	(37,184,"Masueco"),
	(40,184,"San Pedro de Gaíllos"),
	(42,184,"Torlengua"),
	(44,184,"Plou"),
	(45,184,"Ventas de San Julián, Las"),
	(46,184,"Ontinyent"),
	(47,184,"Valoria la Buena"),
	(49,184,"Samir de los Caños"),
	(50,184,"Murero"),
	(5,185,"Peñalba de Ávila"),
	(8,185,"Rubió"),
	(10,185,"Torrecilla de los Ángeles"),
	(16,185,"Saceda-Trasierra"),
	(17,185,"Sant Joan les Fonts"),
	(18,185,"Ventas de Huelma"),
	(19,185,"Miñosa, La"),
	(24,185,"Val de San Lorenzo"),
	(25,185,"Ribera d'Urgellet"),
	(31,185,"Ochagavía/Otsagabia"),
	(34,185,"Triollo"),
	(37,185,"Castellanos de Villiquera"),
	(40,185,"Santa María la Real de Nieva"),
	(42,185,"Torreblacos"),
	(44,185,"Pobo, El"),
	(45,185,"Villacañas"),
	(46,185,"Otos"),
	(47,185,"Valverde de Campos"),
	(49,185,"San Agustín del Pozo"),
	(50,185,"Murillo de Gállego"),
	(5,186,"Piedrahíta"),
	(10,186,"Torrecillas de la Tiesa"),
	(16,186,"Saelices"),
	(17,186,"Sarrià de Ter"),
	(19,186,"Mirabueno"),
	(22,186,"Pozán de Vero"),
	(25,186,"Riner"),
	(31,186,"Odieta"),
	(34,186,"Valbuena de Pisuerga"),
	(37,186,"Mata de Ledesma, La"),
	(40,186,"Santa Marta del Cerro"),
	(45,186,"Villa de Don Fadrique, La"),
	(46,186,"Paiporta"),
	(47,186,"Valladolid"),
	(49,186,"San Cebrián de Castro"),
	(50,186,"Navardún"),
	(5,187,"Piedralaves"),
	(8,187,"Sabadell"),
	(10,187,"Torre de Don Miguel"),
	(16,187,"Salinas del Manzano"),
	(17,187,"Saus,  Camallera i Llampaies"),
	(18,187,"Villanueva de las Torres"),
	(19,187,"Miralrío"),
	(22,187,"Puebla de Castro, La"),
	(24,187,"Valdevimbre"),
	(31,187,"Oitz"),
	(37,187,"Matilla de los Caños del Río"),
	(42,187,"Torrubia de Soria"),
	(44,187,"Portellada, La"),
	(45,187,"Villafranca de los Caballeros"),
	(46,187,"Palma de Gandía"),
	(47,187,"Vega de Ruiponce"),
	(49,187,"San Cristóbal de Entreviñas"),
	(50,187,"Nigüella"),
	(5,188,"Poveda"),
	(8,188,"Sagàs"),
	(10,188,"Torre de Santa María"),
	(16,188,"Salmeroncillos"),
	(17,188,"Selva de Mar, La"),
	(18,188,"Villanueva Mesía"),
	(19,188,"Mochales"),
	(22,188,"Puente de Montañana"),
	(24,188,"Valencia de Don Juan"),
	(31,188,"Olaibar"),
	(37,188,"Maya, La"),
	(40,188,"Santiuste de Pedraza"),
	(42,188,"Trévago"),
	(45,188,"Villaluenga de la Sagra"),
	(46,188,"Palmera"),
	(47,188,"Vega de Valdetronco"),
	(49,188,"San Esteban del Molar"),
	(50,188,"Nombrevilla"),
	(5,189,"Poyales del Hoyo"),
	(8,189,"Sant Pere Sallavinera"),
	(9,189,"Junta de Traslaloma"),
	(10,189,"Torrejoncillo"),
	(16,189,"Salvacañete"),
	(17,189,"Cellera de Ter, La"),
	(18,189,"Víznar"),
	(19,189,"Mohernando"),
	(22,189,"Puértolas"),
	(24,189,"Valverde de la Virgen"),
	(25,189,"Rosselló"),
	(31,189,"Olazti/Olazagutía"),
	(34,189,"Valdeolmillos"),
	(37,189,"Membribe de la Sierra"),
	(40,189,"Santiuste de San Juan Bautista"),
	(42,189,"Ucero"),
	(44,189,"Pozondón"),
	(45,189,"Villamiel de Toledo"),
	(46,189,"Palomar, el"),
	(47,189,"Velascálvaro"),
	(49,189,"San Justo"),
	(50,189,"Nonaspe"),
	(5,190,"Pozanco"),
	(8,190,"Saldes"),
	(9,190,"Junta de Villalba de Losa"),
	(10,190,"Torrejón el Rubio"),
	(16,190,"San Clemente"),
	(17,190,"Serinyà"),
	(19,190,"Molina de Aragón"),
	(22,190,"Pueyo de Araguás, El"),
	(24,190,"Valverde-Enrique"),
	(25,190,"Salàs de Pallars"),
	(31,190,"Olejua"),
	(34,190,"Valderrábano"),
	(37,190,"Mieza"),
	(40,190,"Santo Domingo de Pirón"),
	(42,190,"Vadillo"),
	(44,190,"Pozuel del Campo"),
	(45,190,"Villaminaya"),
	(46,190,"Paterna"),
	(47,190,"Velilla"),
	(49,190,"San Martín de Valderaduey"),
	(50,190,"Novallas"),
	(5,191,"Pradosegar"),
	(8,191,"Sallent"),
	(9,191,"Jurisdicción de Lara"),
	(10,191,"Torremenga"),
	(16,191,"San Lorenzo de la Parrilla"),
	(17,191,"Serra de Daró"),
	(19,191,"Monasterio"),
	(24,191,"Vallecillo"),
	(25,191,"Sanaüja"),
	(31,191,"Olite/Erriberri"),
	(37,191,"Milano, El"),
	(40,191,"Santo Tomé del Puerto"),
	(42,191,"Valdeavellano de Tera"),
	(44,191,"Puebla de Híjar, La"),
	(45,191,"Villamuelas"),
	(46,191,"Pedralba"),
	(47,191,"Velliza"),
	(49,191,"San Miguel de la Ribera"),
	(50,191,"Novillas"),
	(5,192,"Puerto Castilla"),
	(8,192,"Santpedor"),
	(9,192,"Jurisdicción de San Zadornil"),
	(10,192,"Torremocha"),
	(16,192,"San Martín de Boniches"),
	(17,192,"Setcases"),
	(18,192,"Zafarraya"),
	(19,192,"Mondéjar"),
	(25,192,"Sant Guim de Freixenet"),
	(31,192,"Olóriz/Oloritz"),
	(34,192,"Valde-Ucieza"),
	(37,192,"Miranda de Azán"),
	(40,192,"Sauquillo de Cabezas"),
	(42,192,"Valdegeña"),
	(44,192,"Puebla de Valverde, La"),
	(45,192,"Villanueva de Alcardete"),
	(46,192,"Petrés"),
	(47,192,"Ventosa de la Cuesta"),
	(49,192,"San Miguel del Valle"),
	(50,192,"Nuévalos"),
	(5,193,"Rasueros"),
	(8,193,"Sant Iscle de Vallalta"),
	(10,193,"Torreorgaz"),
	(16,193,"San Pedro Palmiches"),
	(17,193,"Sils"),
	(18,193,"Zubia, La"),
	(19,193,"Montarrón"),
	(22,193,"Pueyo de Santa Cruz"),
	(24,193,"Vecilla, La"),
	(25,193,"Sant Llorenç de Morunys"),
	(31,193,"Cendea de Olza/Oltza Zendea"),
	(37,193,"Miranda del Castañar"),
	(40,193,"Sebúlcor"),
	(42,193,"Valdelagua del Cerro"),
	(44,193,"Puertomingalvo"),
	(45,193,"Villanueva de Bogas"),
	(46,193,"Picanya"),
	(47,193,"Viana de Cega"),
	(49,193,"San Pedro de Ceque"),
	(50,193,"Nuez de Ebro"),
	(5,194,"Riocabado"),
	(8,194,"Sant Adrià de Besòs"),
	(9,194,"Lerma"),
	(10,194,"Torrequemada"),
	(16,194,"Santa Cruz de Moya"),
	(17,194,"Susqueda"),
	(18,194,"Zújar"),
	(19,194,"Moratilla de los Meleros"),
	(24,194,"Vegacervera"),
	(25,194,"Sant Ramon"),
	(31,194,"Ollo"),
	(37,194,"Mogarraz"),
	(40,194,"Segovia"),
	(42,194,"Valdemaluque"),
	(44,194,"Ráfales"),
	(45,194,"Villarejo de Montalbán"),
	(46,194,"Picassent"),
	(47,194,"Viloria"),
	(49,194,"San Pedro de la Nave-Almendra"),
	(50,194,"Olvés"),
	(5,195,"Riofrío"),
	(8,195,"Sant Agustí de Lluçanès"),
	(9,195,"Llano de Bureba"),
	(10,195,"Trujillo"),
	(16,195,"Santa María del Campo Rus"),
	(17,195,"Tallada d'Empordà, La"),
	(19,195,"Morenilla"),
	(22,195,"Quicena"),
	(31,195,"Orbaizeta"),
	(37,195,"Molinillo"),
	(40,195,"Sepúlveda"),
	(42,195,"Valdenebro"),
	(44,195,"Rillo"),
	(45,195,"Villarrubia de Santiago"),
	(46,195,"Piles"),
	(47,195,"Villabáñez"),
	(50,195,"Orcajo"),
	(5,196,"Rivilla de Barajas"),
	(8,196,"Sant Andreu de la Barca"),
	(9,196,"Madrigal del Monte"),
	(10,196,"Valdastillas"),
	(16,196,"Santa María de los Llanos"),
	(17,196,"Terrades"),
	(19,196,"Muduex"),
	(24,196,"Vega de Espinareda"),
	(25,196,"Sant Esteve de la Sarga"),
	(31,196,"Orbara"),
	(34,196,"Valle de Cerrato"),
	(37,196,"Monforte de la Sierra"),
	(40,196,"Sequera de Fresno"),
	(42,196,"Valdeprado"),
	(44,196,"Riodeva"),
	(45,196,"Villaseca de la Sagra"),
	(46,196,"Pinet"),
	(47,196,"Villabaruz de Campos"),
	(50,196,"Orera"),
	(5,197,"Salobral"),
	(8,197,"Sant Andreu de Llavaneres"),
	(9,197,"Madrigalejo del Monte"),
	(10,197,"Valdecañas de Tajo"),
	(16,197,"Santa María del Val"),
	(17,197,"Torrent"),
	(19,197,"Navas de Jadraque, Las"),
	(22,197,"Robres"),
	(24,197,"Vega de Infanzones"),
	(25,197,"Sant Guim de la Plana"),
	(31,197,"Orísoain"),
	(37,197,"Monleón"),
	(42,197,"Valderrodilla"),
	(44,197,"Ródenas"),
	(45,197,"Villasequilla"),
	(46,197,"Polinyà de Xúquer"),
	(47,197,"Villabrágima"),
	(49,197,"Santa Clara de Avedillo"),
	(50,197,"Orés"),
	(5,198,"Salvadiós"),
	(8,198,"Sant Antoni de Vilamajor"),
	(9,198,"Mahamud"),
	(10,198,"Valdefuentes"),
	(16,198,"Sisante"),
	(17,198,"Torroella de Fluvià"),
	(19,198,"Negredo"),
	(24,198,"Vega de Valcarce"),
	(31,198,"Oronz/Orontze"),
	(37,198,"Monleras"),
	(40,198,"Sotillo"),
	(42,198,"Valtajeros"),
	(44,198,"Royuela"),
	(45,198,"Villatobas"),
	(46,198,"Potríes"),
	(47,198,"Villacarralón"),
	(50,198,"Oseja"),
	(5,199,"San Bartolomé de Béjar"),
	(8,199,"Sant Bartomeu del Grau"),
	(9,199,"Mambrilla de Castrejón"),
	(10,199,"Valdehúncar"),
	(16,199,"Solera de Gabaldón"),
	(17,199,"Torroella de Montgrí"),
	(19,199,"Ocentejo"),
	(22,199,"Sabiñánigo"),
	(24,199,"Vegaquemada"),
	(31,199,"Oroz-Betelu/Orotz-Betelu"),
	(34,199,"Velilla del Río Carrión"),
	(37,199,"Monsagro"),
	(40,199,"Sotosalbos"),
	(44,199,"Rubiales"),
	(45,199,"Viso de San Juan, El"),
	(46,199,"Pobla de Farnals, la"),
	(47,199,"Villacid de Campos"),
	(49,199,"Santa Colomba de las Monjas"),
	(50,199,"Osera de Ebro"),
	(5,200,"San Bartolomé de Corneja"),
	(8,200,"Sant Boi de Llobregat"),
	(9,200,"Mambrillas de Lara"),
	(10,200,"Valdelacasa de Tajo"),
	(17,200,"Tortellà"),
	(19,200,"Olivar, El"),
	(22,200,"Sahún"),
	(25,200,"Sarroca de Lleida"),
	(31,200,"Oteiza"),
	(37,200,"Montejo"),
	(40,200,"Tabanera la Luenga"),
	(42,200,"Velamazán"),
	(44,200,"Rubielos de la Cérida"),
	(45,200,"Yébenes, Los"),
	(46,200,"Pobla del Duc, la"),
	(47,200,"Villaco"),
	(49,200,"Santa Cristina de la Polvorosa"),
	(50,200,"Paniza"),
	(5,201,"San Bartolomé de Pinares"),
	(8,201,"Sant Boi de Lluçanès"),
	(9,201,"Mamolar"),
	(10,201,"Valdemorales"),
	(17,201,"Toses"),
	(19,201,"Olmeda de Cobeta"),
	(22,201,"Salas Altas"),
	(24,201,"Vegas del Condado"),
	(25,201,"Sarroca de Bellera"),
	(31,201,"Pamplona/Iruña"),
	(34,201,"Vertavillo"),
	(37,201,"Montemayor del Río"),
	(40,201,"Tolocirio"),
	(42,201,"Velilla de la Sierra"),
	(44,201,"Rubielos de Mora"),
	(45,201,"Yeles"),
	(46,201,"Puebla de San Miguel"),
	(49,201,"Santa Croya de Tera"),
	(50,201,"Paracuellos de Jiloca"),
	(8,202,"Sant Celoni"),
	(9,202,"Manciles"),
	(10,202,"Valdeobispo"),
	(16,202,"Talayuelas"),
	(17,202,"Tossa de Mar"),
	(19,202,"Olmeda de Jadraque, La"),
	(22,202,"Salas Bajas"),
	(24,202,"Villablino"),
	(25,202,"Senterada"),
	(31,202,"Peralta/Azkoien"),
	(34,202,"Villabasta de Valdavia"),
	(37,202,"Monterrubio de Armuña"),
	(40,202,"Torreadrada"),
	(42,202,"Velilla de los Ajos"),
	(45,202,"Yepes"),
	(46,202,"Pobla de Vallbona, la"),
	(49,202,"Santa Eufemia del Barco"),
	(50,202,"Paracuellos de la Ribera"),
	(8,203,"Sant Cebrià de Vallalta"),
	(10,203,"Valencia de Alcántara"),
	(16,203,"Tarancón"),
	(17,203,"Ultramort"),
	(19,203,"Ordial, El"),
	(22,203,"Salillas"),
	(24,203,"Villabraz"),
	(25,203,"Seu d'Urgell, La"),
	(31,203,"Petilla de Aragón"),
	(37,203,"Monterrubio de la Sierra"),
	(40,203,"Torrecaballeros"),
	(44,203,"Salcedillo"),
	(45,203,"Yuncler"),
	(46,203,"Pobla Llarga, la"),
	(47,203,"Villafrades de Campos"),
	(49,203,"Santa María de la Vega"),
	(50,203,"Pastriz"),
	(5,204,"Sanchidrián"),
	(8,204,"Sant Climent de Llobregat"),
	(10,204,"Valverde de la Vera"),
	(16,204,"Tébar"),
	(17,204,"Ullà"),
	(19,204,"Orea"),
	(22,204,"Sallent de Gállego"),
	(25,204,"Seròs"),
	(31,204,"Piedramillera"),
	(34,204,"Villacidaler"),
	(37,204,"Morasverdes"),
	(40,204,"Torrecilla del Pinar"),
	(42,204,"Viana de Duero"),
	(44,204,"Saldón"),
	(45,204,"Yunclillos"),
	(46,204,"Puig"),
	(47,204,"Villafranca de Duero"),
	(49,204,"Santa María de Valverde"),
	(50,204,"Pedrola"),
	(5,205,"Sanchorreja"),
	(8,205,"Sant Cugat del Vallès"),
	(10,205,"Valverde del Fresno"),
	(16,205,"Tejadillos"),
	(17,205,"Ullastret"),
	(22,205,"San Esteban de Litera"),
	(24,205,"Villadangos del Páramo"),
	(25,205,"Sidamon"),
	(31,205,"Pitillas"),
	(34,205,"Villaconancio"),
	(37,205,"Morille"),
	(40,205,"Torreiglesias"),
	(42,205,"Villaciervos"),
	(44,205,"Samper de Calanda"),
	(45,205,"Yuncos"),
	(46,205,"Puçol"),
	(47,205,"Villafrechós"),
	(49,205,"Santibáñez de Tera"),
	(50,205,"Pedrosas, Las"),
	(5,206,"San Esteban de los Patos"),
	(8,206,"Sant Cugat Sesgarrigues"),
	(9,206,"Mazuela"),
	(10,206,"Viandar de la Vera"),
	(16,206,"Tinajas"),
	(17,206,"Urús"),
	(22,206,"Sangarrén"),
	(24,206,"Toral de los Vados"),
	(25,206,"Soleràs, El"),
	(31,206,"Puente la Reina/Gares"),
	(34,206,"Villada"),
	(37,206,"Moríñigo"),
	(40,206,"Torre Val de San Pedro"),
	(42,206,"Villanueva de Gormaz"),
	(44,206,"San Agustín"),
	(46,206,"Quesa"),
	(47,206,"Villafuerte"),
	(49,206,"Santibáñez de Vidriales"),
	(50,206,"Perdiguera"),
	(5,207,"San Esteban del Valle"),
	(8,207,"Sant Esteve de Palautordera"),
	(10,207,"Villa del Campo"),
	(17,207,"Vall d'en Bas, La"),
	(22,207,"San Juan de Plan"),
	(24,207,"Villademor de la Vega"),
	(25,207,"Solsona"),
	(31,207,"Pueyo"),
	(37,207,"Moriscos"),
	(40,207,"Trescasas"),
	(42,207,"Villar del Ala"),
	(44,207,"San Martín del Río"),
	(46,207,"Rafelbuñol/Rafelbunyol"),
	(47,207,"Villagarcía de Campos"),
	(49,207,"Santovenia"),
	(50,207,"Piedratajada"),
	(5,208,"San Esteban de Zapardiel"),
	(8,208,"Sant Esteve Sesrovires"),
	(9,208,"Mecerreyes"),
	(10,208,"Villa del Rey"),
	(17,208,"Vall de Bianya, La"),
	(19,208,"Pálmaces de Jadraque"),
	(22,208,"Santa Cilia"),
	(25,208,"Soriguera"),
	(31,208,"Ribaforada"),
	(34,208,"Villaeles de Valdavia"),
	(37,208,"Moronta"),
	(40,208,"Turégano"),
	(42,208,"Villar del Campo"),
	(44,208,"Santa Cruz de Nogueras"),
	(46,208,"Rafelcofer"),
	(47,208,"Villagómez la Nueva"),
	(49,208,"San Vicente de la Cabeza"),
	(50,208,"Pina de Ebro"),
	(5,209,"San García de Ingelmos"),
	(8,209,"Sant Fost de Campsentelles"),
	(9,209,"Medina de Pomar"),
	(10,209,"Villamesías"),
	(16,209,"Torralba"),
	(17,209,"Vall-llobrega"),
	(19,209,"Pardos"),
	(22,209,"Santa Cruz de la Serós"),
	(24,209,"Villafranca del Bierzo"),
	(25,209,"Sort"),
	(31,209,"Romanzado"),
	(37,209,"Mozárbez"),
	(42,209,"Villar del Río"),
	(44,209,"Santa Eulalia"),
	(46,209,"Rafelguaraf"),
	(47,209,"Villalán de Campos"),
	(49,209,"San Vitero"),
	(50,209,"Pinseque"),
	(5,210,"San Juan de la Encinilla"),
	(8,210,"Sant Feliu de Codines"),
	(10,210,"Villamiel"),
	(17,210,"Ventalló"),
	(19,210,"Paredes de Sigüenza"),
	(24,210,"Villagatón"),
	(25,210,"Soses"),
	(31,210,"Roncal/Erronkari"),
	(34,210,"Villahán"),
	(40,210,"Urueñas"),
	(44,210,"Sarrión"),
	(46,210,"Ráfol de Salem"),
	(47,210,"Villalar de los Comuneros"),
	(49,210,"Sanzoles"),
	(50,210,"Pintanos, Los"),
	(5,211,"San Juan de la Nava"),
	(8,211,"Sant Feliu de Llobregat"),
	(9,211,"Melgar de Fernamental"),
	(10,211,"Villanueva de la Sierra"),
	(16,211,"Torrejoncillo del Rey"),
	(17,211,"Verges"),
	(19,211,"Pareja"),
	(24,211,"Villamandos"),
	(25,211,"Sudanell"),
	(31,211,"Orreaga/Roncesvalles"),
	(34,211,"Villaherreros"),
	(37,211,"Narros de Matalayegua"),
	(40,211,"Valdeprados"),
	(42,211,"Villares de Soria, Los"),
	(44,211,"Segura de los Baños"),
	(46,211,"Real de Gandía"),
	(47,211,"Villalba de la Loma"),
	(50,211,"Plasencia de Jalón"),
	(5,212,"San Juan del Molinillo"),
	(8,212,"Sant Feliu Sasserra"),
	(10,212,"Villanueva de la Vera"),
	(16,212,"Torrubia del Campo"),
	(17,212,"Vidrà"),
	(19,212,"Pastrana"),
	(22,212,"Santaliestra y San Quílez"),
	(24,212,"Villamañán"),
	(25,212,"Sunyer"),
	(31,212,"Sada"),
	(37,212,"Navacarros"),
	(40,212,"Valdevacas de Montejo"),
	(42,212,"Villasayas"),
	(44,212,"Seno"),
	(46,212,"Real"),
	(47,212,"Villalba de los Alcores"),
	(50,212,"Pleitas"),
	(5,213,"San Juan del Olmo"),
	(8,213,"Sant Fruitós de Bages"),
	(9,213,"Merindad de Cuesta-Urria"),
	(10,213,"Villar del Pedroso"),
	(16,213,"Torrubia del Castillo"),
	(17,213,"Vidreres"),
	(19,213,"Pedregal, El"),
	(22,213,"Sariñena"),
	(24,213,"Villamartín de Don Sancho"),
	(31,213,"Saldías"),
	(34,213,"Villalaco"),
	(37,213,"Nava de Béjar"),
	(40,213,"Valdevacas y Guijar"),
	(42,213,"Villaseca de Arciel"),
	(44,213,"Singra"),
	(46,213,"Requena"),
	(47,213,"Villalbarba"),
	(50,213,"Plenas"),
	(5,214,"San Lorenzo de Tormes"),
	(8,214,"Vilassar de Dalt"),
	(9,214,"Merindad de Montija"),
	(10,214,"Villar de Plasencia"),
	(17,214,"Vilabertran"),
	(19,214,"Peñalén"),
	(22,214,"Secastilla"),
	(24,214,"Villamejil"),
	(31,214,"Salinas de Oro/Jaitz"),
	(34,214,"Villalba de Guardo"),
	(37,214,"Nava de Francia"),
	(40,214,"Valseca"),
	(46,214,"Riba-roja de Túria"),
	(47,214,"Villalón de Campos"),
	(49,214,"Tábara"),
	(50,214,"Pomer"),
	(5,215,"San Martín de la Vega del Alberche"),
	(8,215,"Sant Hipòlit de Voltregà"),
	(9,215,"Merindad de Sotoscueva"),
	(10,215,"Villasbuenas de Gata"),
	(16,215,"Tragacete"),
	(17,215,"Vilablareix"),
	(19,215,"Peñalver"),
	(22,215,"Seira"),
	(24,215,"Villamol"),
	(25,215,"Talarn"),
	(31,215,"San Adrián"),
	(34,215,"Villalcázar de Sirga"),
	(37,215,"Nava de Sotrobal"),
	(40,215,"Valtiendas"),
	(42,215,"Vinuesa"),
	(44,215,"Terriente"),
	(46,215,"Riola"),
	(47,215,"Villamuriel de Campos"),
	(50,215,"Pozuel de Ariza"),
	(5,216,"San Martín del Pimpollar"),
	(8,216,"Sant Jaume de Frontanyà"),
	(9,216,"Merindad de Valdeporres"),
	(10,216,"Zarza de Granadilla"),
	(16,216,"Tresjuncos"),
	(17,216,"Viladasens"),
	(19,216,"Peralejos de las Truchas"),
	(24,216,"Villamontán de la Valduerna"),
	(25,216,"Talavera"),
	(31,216,"Sangüesa/Zangoza"),
	(34,216,"Villalcón"),
	(37,216,"Navales"),
	(40,216,"Valverde del Majano"),
	(42,216,"Vizmanos"),
	(44,216,"Teruel"),
	(46,216,"Rocafort"),
	(47,216,"Villán de Tordesillas"),
	(49,216,"Tapioles"),
	(50,216,"Pozuelo de Aragón"),
	(5,217,"San Miguel de Corneja"),
	(8,217,"Sant Joan Despí"),
	(9,217,"Merindad de Valdivielso"),
	(10,217,"Zarza de Montánchez"),
	(16,217,"Tribaldos"),
	(17,217,"Viladamat"),
	(19,217,"Peralveche"),
	(22,217,"Sena"),
	(24,217,"Villamoratiel de las Matas"),
	(25,217,"Tàrrega"),
	(31,217,"San Martín de Unx"),
	(34,217,"Villalobón"),
	(37,217,"Navalmoral de Béjar"),
	(42,217,"Vozmediano"),
	(44,217,"Toril y Masegoso"),
	(46,217,"Rotglà i Corberà"),
	(47,217,"Villanubla"),
	(50,217,"Pradilla de Ebro"),
	(5,218,"San Miguel de Serrezuela"),
	(8,218,"Sant Joan de Vilatorrada"),
	(9,218,"Milagros"),
	(10,218,"Zarza la Mayor"),
	(16,218,"Uclés"),
	(17,218,"Vilademuls"),
	(19,218,"Pinilla de Jadraque"),
	(22,218,"Senés de Alcubierre"),
	(24,218,"Villanueva de las Manzanas"),
	(25,218,"Tarrés"),
	(34,218,"Villaluenga de la Vega"),
	(37,218,"Navamorales"),
	(40,218,"Valle de Tabladillo"),
	(42,218,"Yanguas"),
	(44,218,"Tormón"),
	(46,218,"Rótova"),
	(47,218,"Villanueva de Duero"),
	(50,218,"Puebla de Albortón"),
	(5,219,"San Pascual"),
	(8,219,"Vilassar de Mar"),
	(9,219,"Miranda de Ebro"),
	(10,219,"Zorita"),
	(16,219,"Uña"),
	(19,219,"Pinilla de Molina"),
	(24,219,"Villaobispo de Otero"),
	(25,219,"Tarroja de Segarra"),
	(31,219,"Sansol"),
	(37,219,"Navarredonda de la Rinconada"),
	(40,219,"Vallelado"),
	(42,219,"Yelo"),
	(44,219,"Tornos"),
	(46,219,"Rugat"),
	(47,219,"Villanueva de la Condesa"),
	(49,219,"Toro"),
	(50,219,"Puebla de Alfindén, La"),
	(5,220,"San Pedro del Arroyo"),
	(8,220,"Sant Julià de Vilatorta"),
	(9,220,"Miraveche"),
	(17,220,"Viladrau"),
	(19,220,"Pioz"),
	(22,220,"Sesa"),
	(25,220,"Térmens"),
	(31,220,"Santacara"),
	(34,220,"Villamartín de Campos"),
	(40,220,"Valleruela de Pedraza"),
	(44,220,"Torralba de los Sisones"),
	(46,220,"Sagunto/Sagunt"),
	(47,220,"Villanueva de los Caballeros"),
	(49,220,"Torre del Valle, La"),
	(50,220,"Puendeluna"),
	(5,221,"Santa Cruz del Valle"),
	(8,221,"Sant Just Desvern"),
	(9,221,"Modúbar de la Emparedada"),
	(17,221,"Vilafant"),
	(19,221,"Piqueras"),
	(22,221,"Sesué"),
	(24,221,"Villaquejida"),
	(25,221,"Tírvia"),
	(31,221,"Doneztebe/Santesteban"),
	(34,221,"Villamediana"),
	(37,221,"Navasfrías"),
	(40,221,"Valleruela de Sepúlveda"),
	(44,221,"Torrecilla de Alcañiz"),
	(46,221,"Salem"),
	(47,221,"Villanueva de los Infantes"),
	(49,221,"Torregamones"),
	(50,221,"Purujosa"),
	(5,222,"Santa Cruz de Pinares"),
	(8,222,"Sant Llorenç d'Hortons"),
	(17,222,"Vilaür"),
	(19,222,"Pobo de Dueñas, El"),
	(22,222,"Siétamo"),
	(24,222,"Villaquilambre"),
	(25,222,"Tiurana"),
	(31,222,"Sarriés/Sartze"),
	(34,222,"Villameriel"),
	(37,222,"Negrilla de Palencia"),
	(40,222,"Veganzones"),
	(44,222,"Torrecilla del Rebollar"),
	(46,222,"Sant Joanet"),
	(47,222,"Villanueva de San Mancio"),
	(49,222,"Torres del Carrizal"),
	(50,222,"Quinto"),
	(8,223,"Sant Llorenç Savall"),
	(9,223,"Monasterio de la Sierra"),
	(17,223,"Vilajuïga"),
	(19,223,"Poveda de la Sierra"),
	(22,223,"Sopeira"),
	(24,223,"Villarejo de Órbigo"),
	(25,223,"Torà"),
	(31,223,"Sartaguda"),
	(34,223,"Villamoronta"),
	(37,223,"Olmedo de Camaces"),
	(40,223,"Vegas de Matute"),
	(44,223,"Torre de Arcas"),
	(46,223,"Sedaví"),
	(47,223,"Villardefrades"),
	(49,223,"Trabazos"),
	(50,223,"Remolinos"),
	(5,224,"Santa María del Arroyo"),
	(8,224,"Sant Martí de Centelles"),
	(9,224,"Monasterio de Rodilla"),
	(16,224,"Valdemeca"),
	(17,224,"Vilallonga de Ter"),
	(19,224,"Pozo de Almoguera"),
	(24,224,"Villares de Órbigo"),
	(25,224,"Torms, Els"),
	(31,224,"Sesma"),
	(34,224,"Villamuera de la Cueza"),
	(37,224,"Orbada, La"),
	(40,224,"Ventosilla y Tejadilla"),
	(44,224,"Torre de las Arcas"),
	(46,224,"Segart"),
	(47,224,"Villarmentero de Esgueva"),
	(49,224,"Trefacio"),
	(50,224,"Retascón"),
	(5,225,"Santa María del Berrocal"),
	(8,225,"Sant Martí d'Albars"),
	(9,225,"Moncalvillo"),
	(16,225,"Valdemorillo de la Sierra"),
	(17,225,"Vilamacolum"),
	(19,225,"Pozo de Guadalajara"),
	(22,225,"Tamarite de Litera"),
	(24,225,"Villasabariego"),
	(25,225,"Tornabous"),
	(31,225,"Sorlada"),
	(34,225,"Villamuriel de Cerrato"),
	(37,225,"Pajares de la Laguna"),
	(40,225,"Villacastín"),
	(44,225,"Torre del Compte"),
	(46,225,"Sellent"),
	(47,225,"Villasexmir"),
	(49,225,"Uña de Quintana"),
	(50,225,"Ricla"),
	(5,226,"Santa María de los Caballeros"),
	(8,226,"Sant Martí de Tous"),
	(9,226,"Monterrubio de la Demanda"),
	(17,226,"Vilamalla"),
	(19,226,"Prádena de Atienza"),
	(22,226,"Tardienta"),
	(24,226,"Villaselán"),
	(25,226,"Torrebesses"),
	(31,226,"Sunbilla"),
	(37,226,"Palacios del Arzobispo"),
	(44,226,"Torrelacárcel"),
	(46,226,"Sempere"),
	(47,226,"Villavaquerín"),
	(49,226,"Vadillo de la Guareña"),
	(5,227,"Santa María del Tiétar"),
	(8,227,"Sant Martí Sarroca"),
	(9,227,"Montorio"),
	(16,227,"Valdemoro-Sierra"),
	(17,227,"Vilamaniscle"),
	(19,227,"Prados Redondos"),
	(22,227,"Tella-Sin"),
	(24,227,"Villaturiel"),
	(25,227,"Torre de Cabdella, La"),
	(31,227,"Tafalla"),
	(34,227,"Villanueva del Rebollar"),
	(44,227,"Torre los Negros"),
	(46,227,"Senyera"),
	(47,227,"Villavellid"),
	(49,227,"Valcabado"),
	(50,227,"Romanos"),
	(5,228,"Santiago del Collado"),
	(8,228,"Sant Martí Sesgueioles"),
	(9,228,"Moradillo de Roa"),
	(16,228,"Valdeolivas"),
	(17,228,"Vilanant"),
	(19,228,"Puebla de Beleña"),
	(22,228,"Tierz"),
	(24,228,"Villazala"),
	(25,228,"Torrefarrera"),
	(31,228,"Tiebas-Muruarte de Reta"),
	(34,228,"Villanuño de Valdavia"),
	(37,228,"Palaciosrubios"),
	(40,228,"Villaverde de Íscar"),
	(44,228,"Torremocha de Jiloca"),
	(46,228,"Serra"),
	(47,228,"Villaverde de Medina"),
	(49,228,"Valdefinjas"),
	(50,228,"Rueda de Jalón"),
	(5,229,"Santo Domingo de las Posadas"),
	(8,229,"Sant Mateu de Bages"),
	(9,229,"Nava de Roa"),
	(19,229,"Puebla de Valles"),
	(22,229,"Tolva"),
	(24,229,"Villazanzo de Valderaduey"),
	(31,229,"Tirapu"),
	(34,229,"Villaprovedo"),
	(37,229,"Palencia de Negrilla"),
	(40,229,"Villaverde de Montejo"),
	(44,229,"Torres de Albarracín"),
	(46,229,"Siete Aguas"),
	(47,229,"Villavicencio de los Caballeros"),
	(49,229,"Valdescorriel"),
	(50,229,"Ruesca"),
	(5,230,"Santo Tomé de Zabarcos"),
	(8,230,"Premià de Dalt"),
	(9,230,"Navas de Bureba"),
	(17,230,"Vila-sacra"),
	(19,230,"Quer"),
	(22,230,"Torla"),
	(24,230,"Zotes del Páramo"),
	(25,230,"Torregrossa"),
	(31,230,"Torralba del Río"),
	(34,230,"Villarmentero de Campos"),
	(37,230,"Parada de Arriba"),
	(40,230,"Villeguillo"),
	(44,230,"Torrevelilla"),
	(46,230,"Silla"),
	(47,230,"Wamba"),
	(49,230,"Vallesa de la Guareña"),
	(50,230,"Sádaba"),
	(5,231,"San Vicente de Arévalo"),
	(8,231,"Sant Pere de Ribes"),
	(9,231,"Nebreda"),
	(16,231,"Valhermoso de la Fuente"),
	(19,231,"Rebollosa de Jadraque"),
	(25,231,"Torrelameu"),
	(31,231,"Torres del Río"),
	(34,231,"Villarrabé"),
	(37,231,"Parada de Rubiales"),
	(40,231,"Yanguas de Eresma"),
	(44,231,"Torrijas"),
	(46,231,"Simat de la Valldigna"),
	(47,231,"Zaratán"),
	(49,231,"Vega de Tera"),
	(50,231,"Salillas de Jalón"),
	(5,232,"Serrada, La"),
	(8,232,"Sant Pere de Riudebitlles"),
	(9,232,"Neila"),
	(17,232,"Vilopriu"),
	(19,232,"Recuenco, El"),
	(22,232,"Torralba de Aragón"),
	(25,232,"Torres de Segre"),
	(31,232,"Tudela"),
	(34,232,"Villarramiel"),
	(37,232,"Paradinas de San Juan"),
	(44,232,"Torrijo del Campo"),
	(46,232,"Sinarcas"),
	(47,232,"Zarza, La"),
	(49,232,"Vega de Villalobos"),
	(50,232,"Salvatierra de Esca"),
	(5,233,"Serranillos"),
	(8,233,"Sant Pere de Torelló"),
	(17,233,"Vilobí d'Onyar"),
	(19,233,"Renera"),
	(22,233,"Torre la Ribera"),
	(25,233,"Torre-serona"),
	(31,233,"Tulebras"),
	(34,233,"Villasarracino"),
	(37,233,"Pastores"),
	(40,233,"Zarzuela del Monte"),
	(46,233,"Sollana"),
	(49,233,"Vegalatrave"),
	(50,233,"Samper del Salz"),
	(5,234,"Sigeres"),
	(8,234,"Sant Pere de Vilamajor"),
	(16,234,"Valsalobre"),
	(17,234,"Biure"),
	(19,234,"Retiendas"),
	(22,234,"Torrente de Cinca"),
	(25,234,"Tremp"),
	(31,234,"Ucar"),
	(34,234,"Villasila de Valdavia"),
	(37,234,"Payo, El"),
	(40,234,"Zarzuela del Pinar"),
	(44,234,"Tramacastiel"),
	(46,234,"Sot de Chera"),
	(49,234,"Venialbo"),
	(50,234,"San Martín de la Virgen de Moncayo"),
	(5,235,"Sinlabajos"),
	(8,235,"Sant Pol de Mar"),
	(9,235,"Olmedillo de Roa"),
	(19,235,"Riba de Saelices"),
	(22,235,"Torres de Alcanadre"),
	(31,235,"Ujué"),
	(37,235,"Pedraza de Alba"),
	(44,235,"Tramacastilla"),
	(46,235,"Sueca"),
	(49,235,"Vezdemarbán"),
	(50,235,"San Mateo de Gállego"),
	(5,236,"Solana de Ávila"),
	(8,236,"Sant Quintí de Mediona"),
	(9,236,"Olmillos de Muñó"),
	(16,236,"Valverde de Júcar"),
	(22,236,"Torres de Barbués"),
	(31,236,"Ultzama"),
	(34,236,"Villaturde"),
	(37,236,"Pedrosillo de Alba"),
	(44,236,"Tronchón"),
	(46,236,"Sumacàrcer"),
	(49,236,"Vidayanes"),
	(50,236,"Santa Cruz de Grío"),
	(5,237,"Solana de Rioalmar"),
	(8,237,"Sant Quirze de Besora"),
	(16,237,"Valverdejo"),
	(19,237,"Rillo de Gallo"),
	(31,237,"Unciti"),
	(34,237,"Villaumbrales"),
	(37,237,"Pedrosillo de los Aires"),
	(44,237,"Urrea de Gaén"),
	(46,237,"Tavernes Blanques"),
	(49,237,"Videmala"),
	(50,237,"Santa Cruz de Moncayo"),
	(5,238,"Solosancho"),
	(8,238,"Sant Quirze del Vallès"),
	(9,238,"Oña"),
	(16,238,"Vara de Rey"),
	(19,238,"Riofrío del Llano"),
	(25,238,"Vallbona de les Monges"),
	(31,238,"Unzué/Untzue"),
	(34,238,"Villaviudas"),
	(37,238,"Pedrosillo el Ralo"),
	(44,238,"Utrillas"),
	(46,238,"Tavernes de la Valldigna"),
	(49,238,"Villabrázaro"),
	(50,238,"Santa Eulalia de Gállego"),
	(5,239,"Sotalbo"),
	(8,239,"Sant Quirze Safaja"),
	(9,239,"Oquillas"),
	(16,239,"Vega del Codorno"),
	(19,239,"Robledillo de Mohernando"),
	(22,239,"Tramaced"),
	(25,239,"Valls de Valira, Les"),
	(31,239,"Urdazubi/Urdax"),
	(37,239,"Pedroso de la Armuña, El"),
	(44,239,"Valacloche"),
	(46,239,"Teresa de Cofrentes"),
	(49,239,"Villabuena del Puente"),
	(50,239,"Santed"),
	(5,240,"Sotillo de la Adrada"),
	(8,240,"Sant Sadurní d'Anoia"),
	(16,240,"Vellisca"),
	(19,240,"Robledo de Corpes"),
	(25,240,"Vallfogona de Balaguer"),
	(31,240,"Urdiain"),
	(34,240,"Villerías de Campos"),
	(37,240,"Pelabravo"),
	(44,240,"Valbona"),
	(46,240,"Terrateig"),
	(49,240,"Villadepera"),
	(50,240,"Sástago"),
	(5,241,"Tiemblo, El"),
	(8,241,"Sant Sadurní d'Osormort"),
	(9,241,"Orbaneja Riopico"),
	(19,241,"Romanillos de Atienza"),
	(31,241,"Urraul Alto"),
	(34,241,"Villodre"),
	(37,241,"Pelarrodríguez"),
	(44,241,"Valdealgorfa"),
	(46,241,"Titaguas"),
	(49,241,"Villaescusa"),
	(50,241,"Sabiñán"),
	(5,242,"Tiñosillos"),
	(8,242,"Marganell"),
	(9,242,"Padilla de Abajo"),
	(16,242,"Villaconejos de Trabaque"),
	(19,242,"Romanones"),
	(22,242,"Valfarta"),
	(25,242,"Verdú"),
	(31,242,"Urraul Bajo"),
	(34,242,"Villodrigo"),
	(37,242,"Pelayos"),
	(46,242,"Torrebaja"),
	(49,242,"Villafáfila"),
	(50,242,"Sediles"),
	(5,243,"Tolbaños"),
	(8,243,"Santa Cecília de Voltregà"),
	(9,243,"Padilla de Arriba"),
	(16,243,"Villaescusa de Haro"),
	(19,243,"Rueda de la Sierra"),
	(22,243,"Valle de Bardají"),
	(25,243,"Vielha e Mijaran"),
	(31,243,"Urroz-Villa"),
	(34,243,"Villoldo"),
	(37,243,"Peña, La"),
	(44,243,"Valdecuenca"),
	(46,243,"Torrella"),
	(49,243,"Villaferrueña"),
	(50,243,"Sestrica"),
	(5,244,"Tormellas"),
	(8,244,"Santa Coloma de Cervelló"),
	(9,244,"Padrones de Bureba"),
	(16,244,"Villagarcía del Llano"),
	(19,244,"Sacecorbo"),
	(22,244,"Valle de Lierp"),
	(25,244,"Vilagrassa"),
	(31,244,"Urrotz"),
	(37,244,"Peñacaballera"),
	(44,244,"Valdelinares"),
	(46,244,"Torrent"),
	(49,244,"Villageriz"),
	(50,244,"Sierra de Luna"),
	(5,245,"Tornadizos de Ávila"),
	(8,245,"Santa Coloma de Gramenet"),
	(16,245,"Villalba de la Sierra"),
	(19,245,"Sacedón"),
	(22,245,"Velilla de Cinca"),
	(25,245,"Vilaller"),
	(31,245,"Urzainqui/Urzainki"),
	(34,245,"Villota del Páramo"),
	(37,245,"Peñaparda"),
	(44,245,"Valdeltormo"),
	(46,245,"Torres Torres"),
	(49,245,"Villalazán"),
	(50,245,"Sigüés"),
	(5,246,"Tórtoles"),
	(8,246,"Santa Eugènia de Berga"),
	(9,246,"Palacios de la Sierra"),
	(16,246,"Villalba del Rey"),
	(19,246,"Saelices de la Sal"),
	(22,246,"Beranuy"),
	(31,246,"Uterga"),
	(34,246,"Villovieco"),
	(37,246,"Peñaranda de Bracamonte"),
	(44,246,"Valderrobres"),
	(46,246,"Tous"),
	(49,246,"Villalba de la Lampreana"),
	(50,246,"Sisamón"),
	(5,247,"Torre, La"),
	(8,247,"Santa Eulàlia de Riuprimer"),
	(9,247,"Palacios de Riopisuerga"),
	(16,247,"Villalgordo del Marquesado"),
	(19,247,"Salmerón"),
	(22,247,"Viacamp y Litera"),
	(25,247,"Vilamòs"),
	(31,247,"Uztárroz/Uztarroze"),
	(37,247,"Peñarandilla"),
	(44,247,"Valjunquera"),
	(46,247,"Tuéjar"),
	(49,247,"Villalcampo"),
	(50,247,"Sobradiel"),
	(8,248,"Santa Eulàlia de Ronçana"),
	(9,248,"Palazuelos de la Sierra"),
	(16,248,"Villalpardo"),
	(19,248,"San Andrés del Congosto"),
	(22,248,"Vicién"),
	(25,248,"Vilanova de Bellpuig"),
	(31,248,"Luzaide/Valcarlos"),
	(37,248,"Peralejos de Abajo"),
	(46,248,"Turís"),
	(49,248,"Villalobos"),
	(50,248,"Sos del Rey Católico"),
	(5,249,"Umbrías"),
	(8,249,"Santa Fe del Penedès"),
	(9,249,"Palazuelos de Muñó"),
	(16,249,"Villamayor de Santiago"),
	(19,249,"San Andrés del Rey"),
	(22,249,"Villanova"),
	(25,249,"Vilanova de l'Aguda"),
	(31,249,"Valtierra"),
	(37,249,"Peralejos de Arriba"),
	(44,249,"Vallecillo, El"),
	(46,249,"Utiel"),
	(49,249,"Villalonso"),
	(50,249,"Tabuenca"),
	(8,250,"Santa Margarida de Montbui"),
	(9,250,"Pampliega"),
	(16,250,"Villanueva de Guadamejud"),
	(19,250,"Santiuste"),
	(22,250,"Villanúa"),
	(25,250,"Vilanova de Meià"),
	(31,250,"Bera"),
	(37,250,"Pereña de la Ribera"),
	(44,250,"Veguillas de la Sierra"),
	(46,250,"Valencia"),
	(49,250,"Villalpando"),
	(50,250,"Talamantes"),
	(5,251,"Vadillo de la Sierra"),
	(8,251,"Santa Margarida i els Monjos"),
	(9,251,"Pancorbo"),
	(16,251,"Villanueva de la Jara"),
	(19,251,"Saúca"),
	(22,251,"Villanueva de Sigena"),
	(25,251,"Vilanova de Segrià"),
	(31,251,"Viana"),
	(37,251,"Peromingo"),
	(44,251,"Villafranca del Campo"),
	(46,251,"Vallada"),
	(49,251,"Villalube"),
	(50,251,"Tarazona"),
	(5,252,"Valdecasa"),
	(8,252,"Barberà del Vallès"),
	(19,252,"Sayatón"),
	(22,252,"Yebra de Basa"),
	(25,252,"Vila-sana"),
	(31,252,"Vidángoz/Bidankoze"),
	(37,252,"Pinedas"),
	(44,252,"Villahermosa del Campo"),
	(46,252,"Vallanca"),
	(49,252,"Villamayor de Campos"),
	(50,252,"Tauste"),
	(5,253,"Vega de Santa María"),
	(8,253,"Santa Maria de Besora"),
	(9,253,"Pardilla"),
	(16,253,"Villar de Cañas"),
	(22,253,"Yésero"),
	(25,253,"Vilosell, El"),
	(31,253,"Bidaurreta"),
	(37,253,"Pino de Tormes, El"),
	(46,253,"Vallés"),
	(50,253,"Terrer"),
	(5,254,"Velayos"),
	(8,254,"Santa Maria de Corcó"),
	(16,254,"Villar de Domingo García"),
	(19,254,"Selas"),
	(22,254,"Zaidín"),
	(25,254,"Vilanova de la Barca"),
	(31,254,"Villafranca"),
	(37,254,"Pitiegua"),
	(46,254,"Venta del Moro"),
	(50,254,"Tierga"),
	(8,255,"Santa Maria de Merlès"),
	(9,255,"Partido de la Sierra en Tobalina"),
	(16,255,"Villar de la Encina"),
	(19,255,"Setiles"),
	(25,255,"Vinaixa"),
	(31,255,"Villamayor de Monjardín"),
	(37,255,"Pizarral"),
	(46,255,"Villalonga"),
	(49,255,"Villamor de los Escuderos"),
	(50,255,"Tobed"),
	(5,256,"Villaflor"),
	(8,256,"Santa Maria de Martorelles"),
	(9,256,"Pedrosa de Duero"),
	(19,256,"Sienes"),
	(31,256,"Hiriberri/Villanueva de Aezkoa"),
	(37,256,"Poveda de las Cintas"),
	(44,256,"Villanueva del Rebollar de la Sierra"),
	(46,256,"Vilamarxant"),
	(49,256,"Villanázar"),
	(50,256,"Torralba de los Frailes"),
	(5,257,"Villafranca de la Sierra"),
	(8,257,"Santa Maria de Miralles"),
	(9,257,"Pedrosa del Páramo"),
	(19,257,"Sigüenza"),
	(31,257,"Villatuerta"),
	(37,257,"Pozos de Hinojo"),
	(44,257,"Villar del Cobo"),
	(46,257,"Villanueva de Castellón"),
	(49,257,"Villanueva de Azoague"),
	(50,257,"Torralba de Ribota"),
	(5,258,"Villanueva de Gómez"),
	(8,258,"Santa Maria d'Oló"),
	(9,258,"Pedrosa del Príncipe"),
	(16,258,"Villar del Humo"),
	(19,258,"Solanillos del Extremo"),
	(31,258,"Villava/Atarrabia"),
	(37,258,"Puebla de Azaba"),
	(44,258,"Villar del Salz"),
	(46,258,"Villar del Arzobispo"),
	(49,258,"Villanueva de Campeán"),
	(50,258,"Torralbilla"),
	(5,259,"Villanueva del Aceral"),
	(8,259,"Santa Maria de Palautordera"),
	(9,259,"Pedrosa de Río Úrbel"),
	(16,259,"Villar del Infantado"),
	(19,259,"Somolinos"),
	(31,259,"Igantzi"),
	(37,259,"Puebla de San Medel"),
	(46,259,"Villargordo del Cabriel"),
	(49,259,"Villanueva de las Peras"),
	(50,259,"Torrehermosa"),
	(5,260,"Villanueva del Campillo"),
	(8,260,"Santa Perpètua de Mogoda"),
	(19,260,"Sotillo, El"),
	(31,260,"Valle de Yerri/Deierri"),
	(37,260,"Puebla de Yeltes"),
	(44,260,"Villarluengo"),
	(46,260,"Vinalesa"),
	(49,260,"Villanueva del Campo"),
	(50,260,"Torrelapaja"),
	(5,261,"Villar de Corneja"),
	(8,261,"Santa Susanna"),
	(9,261,"Peñaranda de Duero"),
	(19,261,"Sotodosos"),
	(31,261,"Yesa"),
	(37,261,"Puente del Congosto"),
	(44,261,"Villarquemado"),
	(46,261,"Yátova"),
	(49,261,"Villaralbo"),
	(50,261,"Torrellas"),
	(5,262,"Villarejo del Valle"),
	(8,262,"Sant Vicenç de Castellet"),
	(9,262,"Peral de Arlanza"),
	(19,262,"Tamajón"),
	(31,262,"Zabalza/Zabaltza"),
	(37,262,"Puertas"),
	(44,262,"Villarroya de los Pinares"),
	(46,262,"Yesa, La"),
	(49,262,"Villardeciervos"),
	(50,262,"Torres de Berrellén"),
	(5,263,"Villatoro"),
	(8,263,"Sant Vicenç dels Horts"),
	(16,263,"Villar de Olalla"),
	(19,263,"Taragudo"),
	(31,263,"Zubieta"),
	(37,263,"Puerto de Béjar"),
	(44,263,"Villastar"),
	(46,263,"Zarra"),
	(49,263,"Villar de Fallaves"),
	(50,263,"Torrijo de la Cañada"),
	(5,264,"Viñegra de Moraña"),
	(8,264,"Sant Vicenç de Montalt"),
	(16,264,"Villarejo de Fuentes"),
	(19,264,"Taravilla"),
	(31,264,"Zugarramurdi"),
	(37,264,"Puerto Seguro"),
	(44,264,"Villel"),
	(49,264,"Villar del Buey"),
	(50,264,"Tosos"),
	(5,265,"Vita"),
	(8,265,"Sant Vicenç de Torelló"),
	(9,265,"Piérnigas"),
	(16,265,"Villarejo de la Peñuela"),
	(19,265,"Tartanedo"),
	(31,265,"Zúñiga"),
	(37,265,"Rágama"),
	(44,265,"Vinaceite"),
	(49,265,"Villardiegua de la Ribera"),
	(50,265,"Trasmoz"),
	(5,266,"Zapardiel de la Cañada"),
	(8,266,"Cerdanyola del Vallès"),
	(9,266,"Pineda de la Sierra"),
	(16,266,"Villarejo-Periesteban"),
	(19,266,"Tendilla"),
	(37,266,"Redonda, La"),
	(44,266,"Visiedo"),
	(49,266,"Villárdiga"),
	(50,266,"Trasobares"),
	(5,267,"Zapardiel de la Ribera"),
	(8,267,"Sentmenat"),
	(9,267,"Pineda Trasmonte"),
	(19,267,"Terzaga"),
	(37,267,"Retortillo"),
	(44,267,"Vivel del Río Martín"),
	(49,267,"Villardondiego"),
	(50,267,"Uncastillo"),
	(8,268,"Cercs"),
	(9,268,"Pinilla de los Barruecos"),
	(19,268,"Tierzo"),
	(37,268,"Rinconada de la Sierra, La"),
	(44,268,"Zoma, La"),
	(49,268,"Villarrín de Campos"),
	(50,268,"Undués de Lerda"),
	(8,269,"Seva"),
	(9,269,"Pinilla de los Moros"),
	(16,269,"Villares del Saz"),
	(19,269,"Toba, La"),
	(37,269,"Robleda"),
	(49,269,"Villaseco del Pan"),
	(50,269,"Urrea de Jalón"),
	(8,270,"Sitges"),
	(9,270,"Pinilla Trasmonte"),
	(16,270,"Villarrubio"),
	(19,270,"Tordelrábano"),
	(37,270,"Robliza de Cojos"),
	(49,270,"Villavendimio"),
	(50,270,"Urriés"),
	(8,271,"Sobremunt"),
	(16,271,"Villarta"),
	(19,271,"Tordellego"),
	(37,271,"Rollán"),
	(49,271,"Villaveza del Agua"),
	(50,271,"Used"),
	(8,272,"Sora"),
	(9,272,"Poza de la Sal"),
	(16,272,"Villas de la Ventosa"),
	(19,272,"Tordesilos"),
	(37,272,"Saelices el Chico"),
	(49,272,"Villaveza de Valverde"),
	(50,272,"Utebo"),
	(8,273,"Subirats"),
	(9,273,"Prádanos de Bureba"),
	(16,273,"Villaverde y Pasaconsol"),
	(37,273,"Sagrada, La"),
	(49,273,"Viñas"),
	(50,273,"Valdehorna"),
	(8,274,"Súria"),
	(9,274,"Pradoluengo"),
	(16,274,"Víllora"),
	(19,274,"Torija"),
	(37,274,"Salamanca"),
	(50,274,"Val de San Martín"),
	(8,275,"Tavèrnoles"),
	(9,275,"Presencio"),
	(16,275,"Vindel"),
	(37,275,"Saldeana"),
	(49,275,"Zamora"),
	(50,275,"Valmadrid"),
	(8,276,"Tagamanent"),
	(9,276,"Puebla de Arganzón, La"),
	(16,276,"Yémeda"),
	(37,276,"Salmoral"),
	(50,276,"Valpalmas"),
	(8,277,"Talamanca"),
	(9,277,"Puentedura"),
	(16,277,"Zafra de Záncara"),
	(19,277,"Torrecuadrada de Molina"),
	(37,277,"Salvatierra de Tormes"),
	(50,277,"Valtorres"),
	(8,278,"Taradell"),
	(16,278,"Zafrilla"),
	(19,278,"Torrecuadradilla"),
	(37,278,"San Cristóbal de la Cuesta"),
	(50,278,"Velilla de Ebro"),
	(8,279,"Terrassa"),
	(9,279,"Quemada"),
	(16,279,"Zarza de Tajo"),
	(19,279,"Torre del Burgo"),
	(37,279,"Sancti-Spíritus"),
	(50,279,"Velilla de Jiloca"),
	(8,280,"Tavertet"),
	(9,280,"Quintanabureba"),
	(16,280,"Zarzuela"),
	(19,280,"Torrejón del Rey"),
	(37,280,"Sanchón de la Ribera"),
	(50,280,"Vera de Moncayo"),
	(8,281,"Teià"),
	(9,281,"Quintana del Pidio"),
	(19,281,"Torremocha de Jadraque"),
	(37,281,"Sanchón de la Sagrada"),
	(50,281,"Vierlas"),
	(8,282,"Tiana"),
	(19,282,"Torremocha del Campo"),
	(37,282,"Sanchotello"),
	(50,282,"Vilueña, La"),
	(8,283,"Tona"),
	(9,283,"Quintanaélez"),
	(19,283,"Torremocha del Pinar"),
	(37,283,"Sando"),
	(50,283,"Villadoz"),
	(8,284,"Tordera"),
	(19,284,"Torremochuela"),
	(37,284,"San Esteban de la Sierra"),
	(50,284,"Villafeliche"),
	(8,285,"Torelló"),
	(19,285,"Torrubia"),
	(37,285,"San Felices de los Gallegos"),
	(50,285,"Villafranca de Ebro"),
	(8,286,"Torre de Claramunt, La"),
	(19,286,"Tórtola de Henares"),
	(37,286,"San Martín del Castañar"),
	(50,286,"Villalba de Perejil"),
	(8,287,"Torrelavit"),
	(9,287,"Quintanaortuño"),
	(19,287,"Tortuera"),
	(37,287,"San Miguel de Valero"),
	(50,287,"Villalengua"),
	(8,288,"Torrelles de Foix"),
	(9,288,"Quintanapalla"),
	(19,288,"Tortuero"),
	(37,288,"San Morales"),
	(50,288,"Villanueva de Gállego"),
	(8,289,"Torrelles de Llobregat"),
	(9,289,"Quintanar de la Sierra"),
	(19,289,"Traíd"),
	(37,289,"San Muñoz"),
	(50,289,"Villanueva de Jiloca"),
	(8,290,"Ullastrell"),
	(19,290,"Trijueque"),
	(37,290,"San Pedro del Valle"),
	(50,290,"Villanueva de Huerva"),
	(8,291,"Vacarisses"),
	(19,291,"Trillo"),
	(37,291,"San Pedro de Rozados"),
	(50,291,"Villar de los Navarros"),
	(8,292,"Vallbona d'Anoia"),
	(9,292,"Quintanavides"),
	(37,292,"San Pelayo de Guareña"),
	(50,292,"Villarreal de Huerva"),
	(8,293,"Vallcebre"),
	(19,293,"Uceda"),
	(37,293,"Santa María de Sando"),
	(50,293,"Villarroya de la Sierra"),
	(8,294,"Vallgorguina"),
	(9,294,"Quintanilla de la Mata"),
	(19,294,"Ujados"),
	(37,294,"Santa Marta de Tormes"),
	(50,294,"Villarroya del Campo"),
	(8,295,"Vallirana"),
	(9,295,"Quintanilla del Coco"),
	(50,295,"Vistabella"),
	(8,296,"Vallromanes"),
	(19,296,"Utande"),
	(37,296,"Santiago de la Puebla"),
	(50,296,"Zaida, La"),
	(8,297,"Veciana"),
	(9,297,"Quintanillas, Las"),
	(19,297,"Valdarachas"),
	(37,297,"Santibáñez de Béjar"),
	(50,297,"Zaragoza"),
	(8,298,"Vic"),
	(9,298,"Quintanilla San García"),
	(19,298,"Valdearenas"),
	(37,298,"Santibáñez de la Sierra"),
	(50,298,"Zuera"),
	(8,299,"Vilada"),
	(19,299,"Valdeavellano"),
	(37,299,"Santiz"),
	(8,300,"Viladecavalls"),
	(19,300,"Valdeaveruelo"),
	(37,300,"Santos, Los"),
	(8,301,"Viladecans"),
	(9,301,"Quintanilla Vivar"),
	(19,301,"Valdeconcha"),
	(37,301,"Sardón de los Frailes"),
	(8,302,"Vilanova del Camí"),
	(9,302,"Rabanera del Pinar"),
	(19,302,"Valdegrudas"),
	(37,302,"Saucelle"),
	(8,303,"Vilanova de Sau"),
	(9,303,"Rábanos"),
	(19,303,"Valdelcubo"),
	(37,303,"Sahugo, El"),
	(8,304,"Vilobí del Penedès"),
	(9,304,"Rabé de las Calzadas"),
	(19,304,"Valdenuño Fernández"),
	(37,304,"Sepulcro-Hilario"),
	(8,305,"Vilafranca del Penedès"),
	(19,305,"Valdepeñas de la Sierra"),
	(37,305,"Sequeros"),
	(8,306,"Vilalba Sasserra"),
	(9,306,"Rebolledo de la Torre"),
	(19,306,"Valderrebollo"),
	(37,306,"Serradilla del Arroyo"),
	(8,307,"Vilanova i la Geltrú"),
	(9,307,"Redecilla del Camino"),
	(19,307,"Valdesotos"),
	(37,307,"Serradilla del Llano"),
	(8,308,"Viver i Serrateix"),
	(9,308,"Redecilla del Campo"),
	(19,308,"Valfermoso de Tajuña"),
	(9,309,"Regumiel de la Sierra"),
	(19,309,"Valhermoso"),
	(37,309,"Sierpe, La"),
	(9,310,"Reinoso"),
	(19,310,"Valtablado del Río"),
	(37,310,"Sieteiglesias de Tormes"),
	(9,311,"Retuerta"),
	(19,311,"Valverde de los Arroyos"),
	(37,311,"Sobradillo"),
	(9,312,"Revilla y Ahedo, La"),
	(37,312,"Sorihuela"),
	(37,313,"Sotoserrano"),
	(9,314,"Revilla del Campo"),
	(19,314,"Viana de Jadraque"),
	(37,314,"Tabera de Abajo"),
	(9,315,"Revillarruz"),
	(37,315,"Tala, La"),
	(9,316,"Revilla Vallejera"),
	(37,316,"Tamames"),
	(9,317,"Rezmondo"),
	(19,317,"Villanueva de Alcorón"),
	(37,317,"Tarazona de Guareña"),
	(9,318,"Riocavado de la Sierra"),
	(19,318,"Villanueva de Argecilla"),
	(37,318,"Tardáguila"),
	(19,319,"Villanueva de la Torre"),
	(37,319,"Tejado, El"),
	(37,320,"Tejeda y Segoyuela"),
	(9,321,"Roa"),
	(19,321,"Villares de Jadraque"),
	(37,321,"Tenebrón"),
	(19,322,"Villaseca de Henares"),
	(37,322,"Terradillos"),
	(9,323,"Rojas"),
	(19,323,"Villaseca de Uceda"),
	(37,323,"Topas"),
	(19,324,"Villel de Mesa"),
	(37,324,"Tordillos"),
	(9,325,"Royuela de Río Franco"),
	(19,325,"Viñuelas"),
	(37,325,"Tornadizo, El"),
	(9,326,"Rubena"),
	(19,326,"Yebes"),
	(9,327,"Rublacedo de Abajo"),
	(19,327,"Yebra"),
	(37,327,"Torresmenudas"),
	(9,328,"Rucandio"),
	(37,328,"Trabanca"),
	(9,329,"Salas de Bureba"),
	(19,329,"Yélamos de Abajo"),
	(37,329,"Tremedal de Tormes"),
	(9,330,"Salas de los Infantes"),
	(19,330,"Yélamos de Arriba"),
	(37,330,"Valdecarros"),
	(19,331,"Yunquera de Henares"),
	(37,331,"Valdefuentes de Sangusín"),
	(9,332,"Saldaña de Burgos"),
	(19,332,"Yunta, La"),
	(37,332,"Valdehijaderos"),
	(19,333,"Zaorejas"),
	(37,333,"Valdelacasa"),
	(9,334,"Salinillas de Bureba"),
	(19,334,"Zarzuela de Jadraque"),
	(37,334,"Valdelageve"),
	(9,335,"San Adrián de Juarros"),
	(19,335,"Zorita de los Canes"),
	(37,335,"Valdelosa"),
	(37,336,"Valdemierque"),
	(9,337,"San Juan del Monte"),
	(37,337,"Valderrodrigo"),
	(9,338,"San Mamés de Burgos"),
	(37,338,"Valdunciel"),
	(9,339,"San Martín de Rubiales"),
	(37,339,"Valero"),
	(9,340,"San Millán de Lara"),
	(37,340,"Valsalabroso"),
	(37,341,"Valverde de Valdelacasa"),
	(37,342,"Valverdón"),
	(9,343,"Santa Cecilia"),
	(37,343,"Vallejera de Riofrío"),
	(37,344,"Vecinos"),
	(9,345,"Santa Cruz de la Salceda"),
	(37,345,"Vega de Tirados"),
	(9,346,"Santa Cruz del Valle Urbión"),
	(37,346,"Veguillas, Las"),
	(9,347,"Santa Gadea del Cid"),
	(37,347,"Vellés, La"),
	(9,348,"Santa Inés"),
	(37,348,"Ventosa del Río Almar"),
	(37,349,"Vídola, La"),
	(9,350,"Santa María del Campo"),
	(37,350,"Vilvestre"),
	(9,351,"Santa María del Invierno"),
	(37,351,"Villaflores"),
	(9,352,"Santa María del Mercadillo"),
	(37,352,"Villagonzalo de Tormes"),
	(9,353,"Santa María Rivarredonda"),
	(37,353,"Villalba de los Llanos"),
	(9,354,"Santa Olalla de Bureba"),
	(37,354,"Villamayor"),
	(9,355,"Santibáñez de Esgueva"),
	(37,355,"Villanueva del Conde"),
	(9,356,"Santibáñez del Val"),
	(37,356,"Villar de Argañán"),
	(37,357,"Villar de Ciervo"),
	(9,358,"Santo Domingo de Silos"),
	(37,358,"Villar de Gallimazo"),
	(37,359,"Villar de la Yegua"),
	(9,360,"San Vicente del Valle"),
	(37,360,"Villar de Peralonso"),
	(9,361,"Sargentes de la Lora"),
	(37,361,"Villar de Samaniego"),
	(9,362,"Sarracín"),
	(37,362,"Villares de la Reina"),
	(9,363,"Sasamón"),
	(37,363,"Villares de Yeltes"),
	(37,364,"Villarino de los Aires"),
	(9,365,"Sequera de Haza, La"),
	(37,365,"Villarmayor"),
	(9,366,"Solarana"),
	(37,366,"Villarmuerto"),
	(37,367,"Villasbuenas"),
	(9,368,"Sordillos"),
	(37,368,"Villasdardo"),
	(9,369,"Sotillo de la Ribera"),
	(37,369,"Villaseco de los Gamitos"),
	(37,370,"Villaseco de los Reyes"),
	(37,371,"Villasrubias"),
	(9,372,"Sotragero"),
	(37,372,"Villaverde de Guareña"),
	(9,373,"Sotresgudo"),
	(37,373,"Villavieja de Yeltes"),
	(9,374,"Susinos del Páramo"),
	(37,374,"Villoria"),
	(9,375,"Tamarón"),
	(37,375,"Villoruela"),
	(37,376,"Vitigudino"),
	(9,377,"Tardajos"),
	(37,377,"Yecla de Yeltes"),
	(9,378,"Tejada"),
	(37,378,"Zamarra"),
	(37,379,"Zamayón"),
	(9,380,"Terradillos de Esgueva"),
	(37,380,"Zarapicos"),
	(9,381,"Tinieblas de la Sierra"),
	(37,381,"Zarza de Pumareda, La"),
	(9,382,"Tobar"),
	(37,382,"Zorita de la Frontera"),
	(9,384,"Tordómar"),
	(9,386,"Torrecilla del Monte"),
	(9,387,"Torregalindo"),
	(9,388,"Torrelara"),
	(9,389,"Torrepadre"),
	(9,390,"Torresandino"),
	(9,391,"Tórtoles de Esgueva"),
	(9,392,"Tosantos"),
	(9,394,"Trespaderne"),
	(9,395,"Tubilla del Agua"),
	(9,396,"Tubilla del Lago"),
	(9,398,"Úrbel del Castillo"),
	(9,400,"Vadocondes"),
	(9,403,"Valdeande"),
	(9,405,"Valdezate"),
	(9,406,"Valdorros"),
	(9,407,"Valmala"),
	(9,408,"Vallarta de Bureba"),
	(9,409,"Valle de Manzanedo"),
	(9,410,"Valle de Mena"),
	(9,411,"Valle de Oca"),
	(9,412,"Valle de Tobalina"),
	(9,413,"Valle de Valdebezana"),
	(9,414,"Valle de Valdelaguna"),
	(9,415,"Valle de Valdelucio"),
	(9,416,"Valle de Zamanzas"),
	(9,417,"Vallejera"),
	(9,418,"Valles de Palenzuela"),
	(9,419,"Valluércanes"),
	(9,421,"Vid y Barrios, La"),
	(9,422,"Vid de Bureba, La"),
	(9,423,"Vileña"),
	(9,424,"Viloria de Rioja"),
	(9,425,"Vilviestre del Pinar"),
	(9,427,"Villadiego"),
	(9,428,"Villaescusa de Roa"),
	(9,429,"Villaescusa la Sombría"),
	(9,430,"Villaespasa"),
	(9,431,"Villafranca Montes de Oca"),
	(9,432,"Villafruela"),
	(9,433,"Villagalijo"),
	(9,434,"Villagonzalo Pedernales"),
	(9,437,"Villahoz"),
	(9,438,"Villalba de Duero"),
	(9,439,"Villalbilla de Burgos"),
	(9,440,"Villalbilla de Gumiel"),
	(9,441,"Villaldemiro"),
	(9,442,"Villalmanzo"),
	(9,443,"Villamayor de los Montes"),
	(9,444,"Villamayor de Treviño"),
	(9,445,"Villambistia"),
	(9,446,"Villamedianilla"),
	(9,447,"Villamiel de la Sierra"),
	(9,448,"Villangómez"),
	(9,449,"Villanueva de Argaño"),
	(9,450,"Villanueva de Carazo"),
	(9,451,"Villanueva de Gumiel"),
	(9,454,"Villanueva de Teba"),
	(9,455,"Villaquirán de la Puebla"),
	(9,456,"Villaquirán de los Infantes"),
	(9,458,"Villariezo"),
	(9,460,"Villasandino"),
	(9,463,"Villasur de Herreros"),
	(9,464,"Villatuelda"),
	(9,466,"Villaverde del Monte"),
	(9,467,"Villaverde-Mogina"),
	(9,471,"Villayerno Morquillas"),
	(9,472,"Villazopeque"),
	(9,473,"Villegas"),
	(9,476,"Villoruebo"),
	(9,478,"Vizcaínos"),
	(9,480,"Zael"),
	(9,482,"Zarzosa de Río Pisuerga"),
	(9,483,"Zazuar"),
	(9,485,"Zuñeda"),
	(1,901,"Iruña Oka/Iruña de Oca"),
	(2,901,"Pozo Cañada"),
	(3,901,"Poblets, els"),
	(4,901,"Tres Villas, Las"),
	(5,901,"San Juan de Gredos"),
	(6,901,"Valdelacalzada"),
	(7,901,"Ariany"),
	(8,901,"Rupit i Pruit"),
	(9,901,"Quintanilla del Agua y Tordueles"),
	(10,901,"Rosalejo"),
	(11,901,"Benalup-Casas Viejas"),
	(12,901,"Alquerías del Niño Perdido"),
	(13,901,"Robledo, El"),
	(15,901,"Cariño"),
	(16,901,"Campos del Paraíso"),
	(17,901,"Cruïlles,  Monells i Sant Sadurní de l'Heura"),
	(18,901,"Taha, La"),
	(19,901,"Semillas"),
	(20,901,"Mendaro"),
	(22,901,"Valle de Hecho"),
	(23,901,"Cárcheles"),
	(24,901,"Villamanín"),
	(25,901,"Vall de Cardós"),
	(27,901,"Baralla"),
	(28,901,"Lozoyuela-Navas-Sieteiglesias"),
	(29,901,"Torremolinos"),
	(30,901,"Santomera"),
	(31,901,"Barañain"),
	(34,901,"Osorno la Mayor"),
	(36,901,"Illa de Arousa, A"),
	(38,901,"Pinar de El Hierro, El"),
	(40,901,"Ortigosa del Monte"),
	(41,901,"Cañada Rosal"),
	(43,901,"Deltebre"),
	(45,901,"Santo Domingo-Caudilla"),
	(48,901,"Derio"),
	(50,901,"Biel"),
	(1,902,"Lantarón"),
	(3,902,"Pilar de la Horadada"),
	(4,902,"Ejido, El"),
	(5,902,"Santa María del Cubillo"),
	(6,902,"Pueblonuevo del Guadiana"),
	(7,902,"Migjorn Gran, Es"),
	(8,902,"Vilanova del Vallès"),
	(9,902,"Valle de Santibáñez"),
	(10,902,"Vegaviana"),
	(11,902,"San José del Valle"),
	(12,902,"Sant Joan de Moró"),
	(13,902,"Ruidera"),
	(16,902,"Valdetórtola"),
	(17,902,"Forallac"),
	(18,902,"Valle, El"),
	(20,902,"Lasarte-Oria"),
	(22,902,"Puente la Reina de Jaca"),
	(23,902,"Bedmar y Garcíez"),
	(24,902,"Villaornate y Castro"),
	(25,902,"Sant Martí de Riucorb"),
	(27,902,"Burela"),
	(28,902,"Puentes Viejas"),
	(29,902,"Villanueva de la Concepción"),
	(30,902,"Alcázares, Los"),
	(31,902,"Berrioplano/Berriobeiti"),
	(34,902,"Valle del Retortillo"),
	(40,902,"Cozuelos de Fuentidueña"),
	(41,902,"Isla Mayor"),
	(43,902,"Sant Jaume d'Enveja"),
	(46,902,"Gátova"),
	(48,902,"Erandio"),
	(50,902,"Marracos"),
	(3,903,"Montesinos, Los"),
	(4,903,"Mojonera, La"),
	(5,903,"Diego del Carpio"),
	(8,903,"Sant Julià de Cerdanyola"),
	(9,903,"Villarcayo de Merindad de Castilla la Vieja"),
	(10,903,"Alagón del Río"),
	(13,903,"Arenales de San Gregorio"),
	(16,903,"Valeras, Las"),
	(17,903,"Sant Julià del Llor i Bonmatí"),
	(18,903,"Nevada"),
	(20,903,"Astigarraga"),
	(22,903,"San Miguel del Cinca"),
	(23,903,"Villatorres"),
	(25,903,"Guingueta d'Àneu, La"),
	(28,903,"Tres Cantos"),
	(31,903,"Berriozar"),
	(34,903,"Loma de Ucieza"),
	(40,903,"Marazoleja"),
	(41,903,"Cuervo de Sevilla, El"),
	(43,903,"Camarles"),
	(46,903,"San Antonio de Benagéber"),
	(48,903,"Loiu"),
	(50,903,"Villamayor de Gállego"),
	(3,904,"San Isidro"),
	(5,904,"Santiago del Tormes"),
	(8,904,"Badia del Vallès"),
	(9,904,"Valle de las Navas"),
	(13,904,"Llanos del Caudillo"),
	(16,904,"Fuentenava de Jábaga"),
	(18,904,"Alpujarra de la Sierra"),
	(20,904,"Baliarrain"),
	(22,904,"Sotonera, La"),
	(23,904,"Santiago-Pontones"),
	(25,904,"Castell de Mur"),
	(31,904,"Irurtzun"),
	(34,904,"Pernía, La"),
	(40,904,"Navas de Riofrío"),
	(43,904,"Aldea, L'"),
	(46,904,"Benicull de Xúquer"),
	(48,904,"Sondika"),
	(5,905,"Villanueva de Ávila"),
	(8,905,"Palma de Cervelló, La"),
	(9,905,"Valle de Sedano"),
	(16,905,"Arcas del Villar"),
	(18,905,"Gabias, Las"),
	(20,905,"Orendain"),
	(22,905,"Lupiñén-Ortilla"),
	(23,905,"Arroyo del Ojanco"),
	(25,905,"Ribera d'Ondara"),
	(31,905,"Beriáin"),
	(40,905,"Cuevas de Provanco"),
	(43,905,"Salou"),
	(48,905,"Zamudio"),
	(9,906,"Merindad de Río Ubierna"),
	(16,906,"Valdecolmenas, Los"),
	(18,906,"Guajares, Los"),
	(20,906,"Altzaga"),
	(22,906,"Santa María de Dulcis"),
	(25,906,"Valls d'Aguilar, Les"),
	(31,906,"Orkoien"),
	(40,906,"San Cristóbal de Segovia"),
	(43,906,"Ampolla, L'"),
	(48,906,"Forua"),
	(9,907,"Alfoz de Quintanadueñas"),
	(18,907,"Valle del Zalabí"),
	(20,907,"Gaztelu"),
	(22,907,"Aínsa-Sobrarbe"),
	(25,907,"Torrefeta i Florejacs"),
	(31,907,"Zizur Mayor/Zizur Nagusia"),
	(43,907,"Canonja, La"),
	(48,907,"Kortezubi"),
	(9,908,"Valle de Losa"),
	(16,908,"Pozorrubielos de la Mancha"),
	(18,908,"Villamena"),
	(22,908,"Hoz y Costean"),
	(25,908,"Fígols i Alinyà"),
	(31,908,"Lekunberri"),
	(48,908,"Murueta"),
	(16,909,"Sotorribas"),
	(18,909,"Morelábor"),
	(22,909,"Vencillón"),
	(25,909,"Vansa i Fórnols, La"),
	(48,909,"Nabarniz"),
	(16,910,"Villar y Velasco"),
	(18,910,"Pinar, El"),
	(25,910,"Josa i Tuixén"),
	(48,910,"Iurreta"),
	(18,911,"Vegas del Genil"),
	(25,911,"Plans de Sió, Els"),
	(48,911,"Ajangiz"),
	(18,912,"Cuevas del Campo"),
	(25,912,"Gimenells i el Pla de la Font"),
	(48,912,"Alonsotegi"),
	(18,913,"Zagra"),
	(25,913,"Riu de Cerdanya"),
	(48,913,"Zierbena"),
	(48,914,"Arratzu"),
	(48,915,"Ziortza-Bolibar");


CREATE TABLE user (
	user_id INT UNSIGNED PRIMARY KEY AUTO_INCREMENT,
    name VARCHAR(50),
    last_name VARCHAR(50),
    type TINYINT NOT NULL DEFAULT 2, -- 1 - admin | 2 - empresa
    phone_number VARCHAR(25), 
    province_id smallint UNSIGNED,
	city_id smallint unsigned,
    user_email VARCHAR(120) NOT NULL UNIQUE,
    password VARCHAR(200) NOT NULL,
    position TINYINT UNSIGNED, -- position:  dirección, dubdireccion, rrhh, admin...
    is_deleted BOOLEAN NOT NULL DEFAULT 0, 
    is_confirmed BOOLEAN NOT NULL DEFAULT 0, -- UTILIZAREMOS EL MISMO iis_confirmed 
    CONSTRAINT fk_city_1 FOREIGN KEY (province_id, city_id)
    REFERENCES city(province_id, city_id) ON DELETE CASCADE    
);

CREATE TABLE sector (
	sector_id TINYINT PRIMARY KEY AUTO_INCREMENT,
    sector_name VARCHAR(100)
);

CREATE TABLE company_data (
	user_id INT UNSIGNED PRIMARY KEY,
    company_name VARCHAR(200) NOT NULL,
    company_email VARCHAR(200) NOT NULL,
    sector_id TINYINT NOT NULL,
    company_type TINYINT NOT NULL, -- autónoma, startup, microempresa...
    legal_form TINYINT NOT NULL, -- autonomo, SL, SA, SLL....
    active_years TINYINT NOT NULL,
    company_size TINYINT NOT NULL,
    gso TINYINT NOT NULL,
    client_segment INT UNIQUE NOT NULL,
    stakeholders INT UNIQUE NOT NULL,
    sustainability TINYINT NOT NULL,
    ods_background TINYINT NOT NULL,
    CONSTRAINT fk_user_1 FOREIGN KEY (user_id) 
    REFERENCES user(user_id) ON DELETE CASCADE
);

CREATE TABLE client_group (
	client_group_id INT PRIMARY KEY,
    client_name VARCHAR(100)
);

INSERT INTO client_group (client_group_id, client_name) 
	VALUES (1, "Empresas (B2B)"),
    (2, "Consumidor final (B2C)"),
    (3,"Administraciones públicas (B2G)"),
    (4,"Entidades del tercer sector");

CREATE TABLE company_client_group(
	user_id INT UNSIGNED NOT NULL,
    client_group_id INT NOT NULL,
	PRIMARY KEY(user_id, client_group_id),
    CONSTRAINT fk_user_9 FOREIGN KEY (user_id) 
    REFERENCES company_data(user_id) ON DELETE CASCADE,
    CONSTRAINT fk_client_group_1 FOREIGN KEY (client_group_id) 
    REFERENCES client_group(client_group_id) ON DELETE CASCADE
);


CREATE TABLE stakeholder (
	stakeholder_id INT PRIMARY KEY,
    stakeholder_name VARCHAR(100)
);

INSERT INTO stakeholder (stakeholder_id, stakeholder_name) 
		VALUES (1, "Personas empleadas"),
        (2, "Clientes / usuarios"),
        (3,"Proveedores"),
        (4,"Comunidad local"),
        (5,"Accionistas / socios"),
        (6,"Administraciones públicas"),
        (7,"Entidades financieras"),
        (8,"ONG / asociaciones"),
        (9,"Universidades / centros de investigación"),
        (10,"Otros grupos de interés");
        

CREATE TABLE company_stakeholder(
	user_id INT UNSIGNED NOT NULL AUTO_INCREMENT,
    stakeholder_id INT NOT NULL,
    PRIMARY KEY(user_id, stakeholder_id),
    CONSTRAINT fk_user_10 FOREIGN KEY (user_id) 
    REFERENCES company_data(user_id) ON DELETE CASCADE,
    CONSTRAINT fk_stakeholder_1 FOREIGN KEY (stakeholder_id) 
    REFERENCES stakeholder(stakeholder_id) ON DELETE CASCADE
);

-- falta el contenido del select de provincias, ciudades etc.
/*
INSERT INTO company_data (user_id, company_name, employee_occupation, company_phone, company_type, legal_form, active_years, company_size, gso, client_segment, stakeholders, sustainability, ods_background)
VALUES ()
*/

CREATE TABLE test (
	test_id INT UNSIGNED PRIMARY KEY AUTO_INCREMENT,
    test_name VARCHAR(100) NOT NULL,
    test_image VARCHAR(50),
    is_public BOOLEAN DEFAULT 0,
    prompt VARCHAR(1000) 
);

CREATE TABLE question (
	test_id INT UNSIGNED NOT NULL,
	question_id INT UNSIGNED NOT NULL,
	PRIMARY KEY(test_id, question_id),
    question_text VARCHAR(500) NOT NULL,
    premium BOOLEAN NOT NULL DEFAULT 1,
    CONSTRAINT fk_test_1 FOREIGN KEY (test_id) 
    REFERENCES test (test_id) ON DELETE CASCADE
);

CREATE TABLE answer_set (
	answer_set_id BIGINT UNSIGNED PRIMARY KEY AUTO_INCREMENT,
    user_id INT UNSIGNED NOT NULL, 
	test_id INT UNSIGNED NOT NULL,
    test_date DATE NOT NULL,    
    completed BOOLEAN NOT NULL DEFAULT 0,
    CONSTRAINT fk_user_2 FOREIGN KEY (user_id)
    REFERENCES user (user_id) ON DELETE CASCADE,
    CONSTRAINT fk_test_2 FOREIGN KEY (test_id)
    REFERENCES test (test_id) ON DELETE CASCADE
);

CREATE TABLE answer (
	answer_set_id BIGINT UNSIGNED NOT NULL,
    test_id INT UNSIGNED NOT NULL,
    question_id INT UNSIGNED NOT NULL,
    user_answer TINYINT UNSIGNED, -- null | 1 | 2 | 3 | 4 | 5
    PRIMARY KEY(answer_set_id, test_id, question_id),
    CONSTRAINT fk_answer_set_1 FOREIGN KEY (answer_set_id)
    REFERENCES answer_set(answer_set_id) ON DELETE CASCADE,
    CONSTRAINT fk_question_1 FOREIGN KEY (test_id, question_id)
    REFERENCES question(test_id, question_id) ON DELETE CASCADE    
);


-- 4. USUARIOS (Empresa y Admin)
-- Nota: Asegúrate de que las provincias/ciudades existan (usaremos las que ya insertaste)
INSERT INTO user (name, last_name, type, phone_number, province_id, city_id, user_email, password, position, is_deleted, is_confirmed) VALUES 
('Admin', 'Principal', 1, '600000000', 28, 1, 'admin@ods.es', 'pass123', 1, 0, 1);


INSERT INTO test (test_id, test_name, test_image, is_public, prompt) VALUES
  (1, 'ODS 1 · Fin de la pobreza', 'ods1.svg', 1, NULL),
  (2, 'ODS 2 · Hambre cero', 'ods2.svg', 1, NULL),
  (3, 'ODS 3 · Salud y bienestar', 'ods3.svg', 1, NULL),
  (4, 'ODS 4 · Educación de calidad', 'ods4.svg', 1, NULL),
  (5, 'ODS 5 · Igualdad de género', 'ods5.svg', 1, NULL),
  (6, 'ODS 6 · Agua limpia y saneamiento', 'ods6.svg', 1, NULL),
  (7, 'ODS 7 · Energía asequible y no contaminante', 'ods7.svg', 1, NULL),
  (8, 'ODS 8 · Trabajo decente y crecimiento económico', 'ods8.svg', 1, NULL),
  (9, 'ODS 9 · Industria, innovación e infraestructura', 'ods9.svg', 1, NULL),
  (10, 'ODS 10 · Reducción de las desigualdades', 'ods10.svg', 1, NULL),
  (11, 'ODS 11 · Ciudades y comunidades sostenibles', 'ods11.svg', 1, NULL),
  (12, 'ODS 12 · Producción y consumo responsables', 'ods12.svg', 1, NULL),
  (13, 'ODS 13 · Acción por el clima', 'ods13.svg', 1, NULL),
  (14, 'ODS 14 · Vida submarina', 'ods14.svg', 1, NULL),
  (15, 'ODS 15 · Vida de ecosistemas terrestres', 'ods15.svg', 1, NULL),
  (16, 'ODS 16 · Paz, justicia e instituciones sólidas', 'ods16.svg', 1, NULL),
  (17, 'ODS 17 · Alianzas para lograr los objetivos', 'ods17.svg', 1, NULL);

-- Questions for ODS 1 · Fin de la pobreza
INSERT INTO question (test_id, question_id, question_text, premium) VALUES
  (1, 1, 'La empresa ha identificado colectivos vulnerables específicos vinculados a su actividad o territorio.', 0),
  (1, 2, 'Se evalúa el impacto de las subidas de precios o cambios de condiciones comerciales sobre clientes de bajos ingresos.', 0),
  (1, 3, 'La empresa dispone de criterios sociales en la contratación pública o privada cuando licita.', 0),
  (1, 4, 'Se revisa periódicamente si los salarios permiten una vida digna en el contexto territorial concreto donde opera la empresa.', 0),
  (1, 5, 'La empresa ha definido acciones prioritarias para minimizar impactos negativos no intencionados sobre la pobreza.', 0),
  (1, 6, 'Se mide el impacto social de las operaciones en comunidades vulnerables.', 0),
  (1, 7, 'La empresa prioriza la contratación de personas en situación de vulnerabilidad o riesgo de pobreza.', 0),
  (1, 8, 'Se aplican criterios de salario digno y condiciones laborales justas a proveedores y contratistas.', 1),
  (1, 9, 'La empresa ofrece beneficios adicionales orientados a reducir la vulnerabilidad económica.', 1),
  (1, 10, 'Existen programas de formación y capacitación para mejorar empleabilidad e ingresos de colectivos vulnerables.', 1),
  (1, 11, 'La empresa destina recursos específicos a iniciativas de reducción de pobreza.', 1),
  (1, 12, 'Se colabora con administraciones, ONG u otras entidades para combatir la pobreza.', 1),
  (1, 13, 'La empresa incorpora indicadores específicos del ODS 1 en sistemas de gestión y reporte.', 1),
  (1, 14, 'Se evalúa cómo las decisiones comerciales afectan a personas de bajos ingresos.', 1),
  (1, 15, 'La empresa contribuye al acceso a recursos económicos básicos en comunidades desfavorecidas.', 1),
  (1, 16, 'Existen mecanismos para prevenir impactos negativos que puedan empujar a personas o comunidades a la pobreza.', 1),
  (1, 17, 'La empresa reporta de forma transparente y verificable su contribución al ODS 1.', 1),
  (1, 18, 'Se utilizan estándares, marcos o herramientas externas para validar impactos sociales.', 1),
  (1, 19, 'La empresa demuestra mejoras cuantificables en indicadores relacionados con reducción de pobreza.', 1),
  (1, 20, 'La erradicación de la pobreza está integrada como objetivo transversal en la estrategia a largo plazo.', 1);

-- Questions for ODS 2 · Hambre cero
INSERT INTO question (test_id, question_id, question_text, premium) VALUES
  (2, 1, 'La empresa reconoce la seguridad alimentaria como un reto social relevante en su territorio.', 0),
  (2, 2, 'Se considera que decisiones económicas o laborales pueden influir en el bienestar básico de las personas.', 0),
  (2, 3, 'La empresa ha reflexionado sobre su posible contribución a situaciones de vulnerabilidad alimentaria.', 0),
  (2, 4, 'Existe sensibilidad interna sobre el impacto social más básico de la actividad empresarial.', 0),
  (2, 5, 'El ODS 2 se considera coherente con los valores y responsabilidad social de la empresa.', 0),
  (2, 6, 'La empresa tiene una idea clara del papel que podría desempeñar frente a este ODS.', 0),
  (2, 7, 'Se ha planteado cómo sus políticas laborales influyen en la capacidad de cubrir necesidades básicas.', 0),
  (2, 8, 'Se asegura que las condiciones económicas permitan cubrir necesidades básicas a los empleados.', 1),
  (2, 9, 'Se analizan riesgos de inseguridad alimentaria asociados al empleo, la cadena de valor o entorno de la empresa.', 1),
  (2, 10, 'En la selección de proveedores o colaboradores se tienen en cuenta criterios sociales básicos.', 1),
  (2, 11, 'La empresa evita prácticas que deterioren el acceso a bienes básicos.', 1),
  (2, 12, 'Existen acciones concretas para mejorar el bienestar básico de personas o comunidades.', 1),
  (2, 13, 'La empresa colabora con entidades públicas, sociales o comunitarias en iniciativas de seguridad alimentaria.', 1),
  (2, 14, 'Se destinan recursos específicos (económicos, materiales o humanos) a estas acciones.', 1),
  (2, 15, 'La empresa define objetivos claros relacionados con bienestar básico o seguridad alimentaria.', 1),
  (2, 16, 'Se utilizan indicadores para evaluar el alcance de las acciones y su continuidad.', 1),
  (2, 17, 'Los resultados se revisan periódicamente para mejorar el impacto.', 1),
  (2, 18, 'La comunicación externa refleja coherencia entre acciones sociales y resultados.', 1),
  (2, 19, 'La empresa considera el origen y condiciones de producción de los alimentos consumidos internamente.', 1),
  (2, 20, 'Se evita el desperdicio alimentario y se apoya, directa o indirectamente, sistemas alimentarios locales o sostenibles.', 1);

-- Questions for ODS 3 · Salud y bienestar
INSERT INTO question (test_id, question_id, question_text, premium) VALUES
  (3, 1, 'La empresa reconoce que su actividad puede influir en la salud y el bienestar de las personas.', 0),
  (3, 2, 'La seguridad y bienestar de las personas se consideran aspectos relevantes en la forma de trabajar.', 0),
  (3, 3, 'Existe preocupación por prevenir riesgos físicos, mentales o psicosociales.', 0),
  (3, 4, 'El bienestar se entiende de forma amplia y no se limita al cumplimiento legal mínimo.', 0),
  (3, 5, 'La empresa reflexiona sobre cómo su cultura, ritmos o exigencias pueden afectar a la salud.', 0),
  (3, 6, 'El ODS 3 se percibe como alineado con sostenibilidad y rendimiento a largo plazo dentro de la organización.', 0),
  (3, 7, 'La empresa conoce su situación actual en materia de salud y bienestar.', 0),
  (3, 8, 'Se identifican y gestionan riesgos laborales y psicosociales de forma sistemática.', 1),
  (3, 9, 'Existen medidas activas para prevenir accidentes, estrés, sobrecarga o desgaste profesional.', 1),
  (3, 10, 'Se promueven hábitos saludables adaptados a la realidad de la empresa (descansos, ergonomía, organización).', 1),
  (3, 11, 'La empresa mide indicadores relacionados con salud y bienestar.', 1),
  (3, 12, 'Estos indicadores se analizan más allá del cumplimiento normativo.', 1),
  (3, 13, 'La organización del trabajo favorece descansos reales y desconexión.', 1),
  (3, 14, 'La empresa evalúa la carga de trabajo y ritmos laborales reales.', 1),
  (3, 15, 'Existen espacios de escucha o detección temprana de malestar.', 1),
  (3, 16, 'Se considera el impacto del estilo de liderazgo en el bienestar de las personas.', 1),
  (3, 17, 'La salud y bienestar se incluyen también en la cadena de valor cuando aplica.', 1),
  (3, 18, 'La empresa asigna recursos específicos a la prevención y mejora del bienestar.', 1),
  (3, 19, 'Existen responsables claros de la gestión de salud y bienestar.', 1),
  (3, 20, 'El bienestar forma parte de la visión y estrategia a largo plazo de la empresa.', 1);

-- Questions for ODS 4 · Educación de calidad
INSERT INTO question (test_id, question_id, question_text, premium) VALUES
  (4, 1, 'La empresa reconoce el aprendizaje y desarrollo de competencias como factores clave para la sostenibilidad.', 0),
  (4, 2, 'Existe interés por mejorar conocimientos y habilidades de las personas que forman parte de la empresa.', 0),
  (4, 3, 'La formación se percibe como más que una obligación puntual.', 0),
  (4, 4, 'La empresa identifica necesidades de aprendizaje relacionadas con su actividad o evolución futura.', 0),
  (4, 5, 'Se fomenta una actitud de mejora continua, aunque no siempre esté formalizada.', 0),
  (4, 6, 'El ODS 4 se considera coherente con la forma de crecer de la empresa.', 0),
  (4, 7, 'La empresa tiene una visión clara de su nivel actual en formación y desarrollo.', 0),
  (4, 8, 'Se ofrecen oportunidades de formación adaptadas al tamaño y recursos de la empresa.', 1),
  (4, 9, 'Se procura que el acceso a la formación sea equitativo.', 1),
  (4, 10, 'La formación está alineada con necesidades reales del puesto o negocio.', 1),
  (4, 11, 'Se promueve el desarrollo de competencias clave (técnicas, digitales, sociales o de gestión).', 1),
  (4, 12, 'La empresa evalúa si la formación mejora realmente el desempeño.', 1),
  (4, 13, 'Se fomenta el aprendizaje informal y el intercambio de conocimiento interno.', 1),
  (4, 14, 'Se apoyan perfiles no técnicos o menos visibles en oportunidades de aprendizaje.', 1),
  (4, 15, 'Se destinan recursos estables a aprendizaje y desarrollo.', 1),
  (4, 16, 'Se apoya, cuando es posible, iniciativas educativas externas o comunitarias.', 1),
  (4, 17, 'Existen responsables claros de la gestión de la formación.', 1),
  (4, 18, 'La empresa comunica la formación con realismo, sin sobredimensionar el impacto.', 1),
  (4, 19, 'La educación y aprendizaje influyen en decisiones de crecimiento y cambio.', 1),
  (4, 20, 'La educación y el aprendizaje forman parte de la estrategia y visión a largo plazo.', 1);

-- Questions for ODS 5 · Igualdad de género
INSERT INTO question (test_id, question_id, question_text, premium) VALUES
  (5, 1, 'En tu empresa, la igualdad de género y la no discriminación están reconocidas explícitamente como principios que guían la forma de trabajar y tomar decisiones.', 0),
  (5, 2, 'Tu empresa ha reflexionado sobre si su estructura, sector o cultura pueden generar barreras de género.', 0),
  (5, 3, 'Existen normas claras que garantizan un trato equitativo a las personas, independientemente de su género o identidad.', 0),
  (5, 4, 'En los procesos de selección, promoción o asignación de responsabilidades, se presta atención a posibles sesgos de género.', 0),
  (5, 5, 'La empresa analiza la composición de su equipo (presencia de mujeres u otros géneros) y no da esa realidad por casual o “normal”.', 0),
  (5, 6, 'La igualdad de género se entiende como un factor que influye en reputación, atracción de talento y sostenibilidad.', 0),
  (5, 7, 'La empresa tiene una visión clara y honesta del nivel actual de igualdad e inclusión de género.', 0),
  (5, 8, 'La empresa dispone de un plan, política o marco de actuación específico para promover la igualdad de género.', 1),
  (5, 9, 'Cuando existe baja representación de mujeres u otros géneros, se han analizado las causas (sector, horarios, cultura, procesos, etc.).', 1),
  (5, 10, 'Se revisan de forma periódica posibles diferencias en salarios, responsabilidades o condiciones laborales entre géneros.', 1),
  (5, 11, 'La empresa cuenta con criterios claros para garantizar igualdad de oportunidades en el acceso a puestos de responsabilidad o liderazgo.', 1),
  (5, 12, 'Existen mecanismos para prevenir y actuar ante situaciones de acoso, discriminación o trato desigual por razón de género.', 1),
  (5, 13, 'La empresa aplica medidas de conciliación y corresponsabilidad coherentes con su realidad operativa.', 1),
  (5, 14, 'La igualdad de género se tiene en cuenta también en la relación con proveedores, clientes o colaboradores, cuando es relevante.', 1),
  (5, 15, 'Se asignan recursos concretos (tiempo, responsables, presupuesto) a la gestión de la igualdad.', 1),
  (5, 16, 'Se utilizan indicadores claros para evaluar la igualdad de género (composición del equipo, liderazgo, brechas, rotación).', 1),
  (5, 17, 'Los resultados obtenidos se analizan y se utilizan para mejorar políticas y prácticas internas.', 1),
  (5, 18, 'La empresa comunica sus avances en igualdad de forma responsable, evitando mensajes vacíos o no verificables.', 1),
  (5, 19, 'La perspectiva de género influye en decisiones estratégicas, no solo en acciones puntuales.', 1),
  (5, 20, 'La igualdad e inclusión de género están integradas en la visión a largo plazo de la empresa.', 1);

-- Questions for ODS 6 · Agua limpia y saneamiento
INSERT INTO question (test_id, question_id, question_text, premium) VALUES
  (6, 1, 'Tu empresa reconoce el agua como un recurso crítico para la sostenibilidad.', 0),
  (6, 2, 'Existe conciencia sobre cómo la actividad empresarial afecta al consumo o calidad del agua.', 0),
  (6, 3, 'El ODS 6 se considera relevante aunque la empresa no sea intensiva en agua.', 0),
  (6, 4, 'Tu empresa conoce su consumo de agua actual.', 0),
  (6, 5, 'Se identifican procesos o actividades con mayor consumo hídrico.', 0),
  (6, 6, 'Existen medidas para reducir el consumo de agua.', 0),
  (6, 7, 'Se revisan periódicamente fugas, pérdidas o ineficiencias.', 0),
  (6, 8, 'Se utilizan tecnologías o prácticas de ahorro de agua cuando es viable.', 1),
  (6, 9, 'Tu empresa gestiona adecuadamente las aguas residuales generadas.', 1),
  (6, 10, 'Se cumplen criterios ambientales en vertidos o conexiones a red.', 1),
  (6, 11, 'Se evalúa el impacto de la actividad en recursos hídricos locales.', 1),
  (6, 12, 'El uso del agua se tiene en cuenta en decisiones de inversión o mejora.', 1),
  (6, 13, 'La empresa promueve buenas prácticas de uso del agua entre el personal.', 1),
  (6, 14, 'Existen responsables claros de la gestión del agua.', 1),
  (6, 15, 'Se utilizan indicadores para medir consumo y eficiencia hídrica.', 1),
  (6, 16, 'Los datos de consumo se analizan para mejorar prácticas.', 1),
  (6, 17, 'La empresa colabora con proveedores que aplican criterios de uso responsable del agua.', 1),
  (6, 18, 'Se consideran riesgos futuros relacionados con escasez hídrica.', 1),
  (6, 19, 'La gestión del agua se integra en la estrategia ambiental.', 1),
  (6, 20, 'El uso responsable del agua forma parte de la visión a largo plazo de la empresa.', 1);

-- Questions for ODS 7 · Energía asequible y no contaminante
INSERT INTO question (test_id, question_id, question_text, premium) VALUES
  (7, 1, 'La empresa conoce su consumo energético anual.', 0),
  (7, 2, 'Dispone de un plan de eficiencia energética.', 0),
  (7, 3, 'Utiliza energías renovables total o parcialmente.', 0),
  (7, 4, 'Tiene instaladas placas solares u otros sistemas de autoconsumo.', 0),
  (7, 5, 'Realiza una auditoría energética periódica.', 0),
  (7, 6, 'Ha sustituido iluminación convencional por LED.', 0),
  (7, 7, 'Gestiona la climatización mediante sistemas eficientes.', 0),
  (7, 8, 'Controla el standby de equipos eléctricos.', 1),
  (7, 9, 'Hay sensores de presencia y temporizadores en zonas comunes.', 1),
  (7, 10, 'Se hace mantenimiento energético preventivo.', 1),
  (7, 11, 'Los vehículos corporativos incluyen opciones híbridas o eléctricas.', 1),
  (7, 12, 'Se fomenta la movilidad sostenible entre el personal.', 1),
  (7, 13, 'Existen indicadores de ahorro energético.', 1),
  (7, 14, 'La empresa tiene objetivos de reducción del consumo anual.', 1),
  (7, 15, 'Se realizan formaciones a la plantilla sobre uso eficiente de energía.', 1),
  (7, 16, 'Las compras de equipos consideran criterios de eficiencia energética.', 1),
  (7, 17, 'Se monitoriza el consumo en tiempo real.', 1),
  (7, 18, 'Se comparten resultados de consumo con la plantilla.', 1),
  (7, 19, 'La empresa evalúa la viabilidad de nuevas tecnologías energéticas.', 1),
  (7, 20, 'Hay políticas para minimizar el consumo energético fuera del horario laboral.', 1);

-- Questions for ODS 8 · Trabajo decente y crecimiento económico
INSERT INTO question (test_id, question_id, question_text, premium) VALUES
  (8, 1, 'Tu empresa considera la calidad del empleo como una parte esencial de su impacto social.', 0),
  (8, 2, 'Las condiciones laborales se gestionan pensando no solo en la viabilidad económica, sino también en el bienestar de las personas.', 0),
  (8, 3, 'Tu empresa reconoce que el crecimiento económico debe ir acompañado de condiciones de trabajo justas.', 0),
  (8, 4, 'Existe una reflexión interna sobre cómo se genera empleo y qué tipo de empleo se ofrece.', 0),
  (8, 5, 'La empresa tiene en cuenta su impacto en el empleo local o en su sector de actividad.', 0),
  (8, 6, 'El concepto de “trabajo decente” está alineado con la forma en la que la empresa entiende el crecimiento.', 0),
  (8, 7, 'La empresa conoce su nivel actual de alineación con los principios de trabajo decente.', 0),
  (8, 8, 'Las condiciones laborales (contratos, estabilidad, jornada, remuneración) se revisan periódicamente.', 1),
  (8, 9, 'Existen medidas para prevenir situaciones de precariedad, sobrecarga o inestabilidad laboral.', 1),
  (8, 10, 'La empresa promueve el desarrollo profesional y la mejora de la empleabilidad de las personas.', 1),
  (8, 11, 'Se respetan los derechos laborales también en la cadena de valor cuando aplica.', 1),
  (8, 12, 'Se identifican riesgos sociales asociados al modelo de negocio (rotación elevada, temporalidad, presión productiva).', 1),
  (8, 13, 'El crecimiento económico se planifica teniendo en cuenta su impacto en las personas.', 1),
  (8, 14, 'Se fomenta la productividad sin deteriorar la salud, bienestar o conciliación.', 1),
  (8, 15, 'Se utilizan indicadores laborales concretos para evaluar la calidad del empleo (rotación, absentismo, estabilidad, formación).', 1),
  (8, 16, 'Los resultados de estos indicadores influyen en decisiones de mejora o cambio de prácticas.', 1),
  (8, 17, 'Se asignan recursos específicos para mejorar la calidad del empleo.', 1),
  (8, 18, 'Las prácticas laborales se comunican de forma responsable y coherente con la realidad.', 1),
  (8, 19, 'El trabajo decente está integrado como un eje del crecimiento a largo plazo de la empresa.', 1),
  (8, 20, 'El empleo generado contribuye al desarrollo del territorio y se promueve la corresponsabilidad y autonomía en los equipos.', 1);

-- Questions for ODS 9 · Industria, innovación e infraestructura
INSERT INTO question (test_id, question_id, question_text, premium) VALUES
  (9, 1, 'La empresa invierte en innovación.', 0),
  (9, 2, 'Existe un departamento o responsable de I+D+i.', 0),
  (9, 3, 'La empresa colabora con universidades o centros tecnológicos.', 0),
  (9, 4, 'Se digitalizan procesos internos para mejorar eficiencia.', 0),
  (9, 5, 'Se utiliza tecnología para reducir impactos ambientales.', 0),
  (9, 6, 'La empresa evalúa riesgos asociados a infraestructuras críticas.', 0),
  (9, 7, 'Se mejora la infraestructura productiva de forma continua.', 0),
  (9, 8, 'Se aplican metodologías innovadoras para optimizar procesos.', 1),
  (9, 9, 'El negocio incorpora tecnologías limpias.', 1),
  (9, 10, 'Se fomenta la creatividad interna para resolver problemas.', 1),
  (9, 11, 'Se miden resultados de innovación anualmente.', 1),
  (9, 12, 'Se usan herramientas digitales (ERP, CRM, BI).', 1),
  (9, 13, 'Se participa en programas de innovación pública o privada.', 1),
  (9, 14, 'La empresa ha automatizado tareas repetitivas.', 1),
  (9, 15, 'Se utilizan materiales o soluciones de bajo impacto ambiental.', 1),
  (9, 16, 'Existe un plan de mantenimiento industrial.', 1),
  (9, 17, 'La empresa explora nuevas líneas de negocio más sostenibles.', 1),
  (9, 18, 'Se acometen mejoras tecnológicas de forma regular.', 1),
  (9, 19, 'Se realizan pruebas piloto para nuevas soluciones.', 1),
  (9, 20, 'La empresa protege su innovación mediante patentes/marcas.', 1);

-- Questions for ODS 10 · Reducción de las desigualdades
INSERT INTO question (test_id, question_id, question_text, premium) VALUES
  (10, 1, 'La empresa reconoce que su actividad puede generar o reducir desigualdades sociales.', 0),
  (10, 2, 'Existe sensibilidad hacia desigualdades más allá del género (edad, origen, diversidad funcional, nivel socioeconómico).', 0),
  (10, 3, 'Se promueve un trato equitativo entre todas las personas.', 0),
  (10, 4, 'La empresa reflexiona sobre posibles barreras de acceso al empleo o desarrollo profesional.', 0),
  (10, 5, 'Se evitan prácticas discriminatorias directas o indirectas.', 0),
  (10, 6, 'Se promueve la igualdad de oportunidades en contratación y promoción.', 0),
  (10, 7, 'La empresa conoce su nivel actual de diversidad e inclusión.', 0),
  (10, 8, 'Existen normas claras contra la discriminación.', 1),
  (10, 9, 'Se revisan condiciones laborales para evitar desigualdades internas.', 1),
  (10, 10, 'Se facilita la integración de perfiles diversos cuando es posible.', 1),
  (10, 11, 'La empresa considera el impacto de sus decisiones en colectivos vulnerables.', 1),
  (10, 12, 'Existen canales para detectar o comunicar situaciones de exclusión.', 1),
  (10, 13, 'Se asignan responsabilidades claras en materia de inclusión.', 1),
  (10, 14, 'Se analizan desigualdades en la cadena de valor cuando aplica.', 1),
  (10, 15, 'La empresa colabora con entidades que trabajan por la inclusión social.', 1),
  (10, 16, 'Se utilizan indicadores básicos para evaluar desigualdades.', 1),
  (10, 17, 'Los resultados se revisan para mejorar prácticas.', 1),
  (10, 18, 'La empresa evita mensajes o acciones que refuercen estereotipos.', 1),
  (10, 19, 'La reducción de desigualdades influye en decisiones estratégicas.', 1),
  (10, 20, 'La inclusión social forma parte de la visión a largo plazo de la empresa.', 1);

-- Questions for ODS 11 · Ciudades y comunidades sostenibles
INSERT INTO question (test_id, question_id, question_text, premium) VALUES
  (11, 1, 'La empresa reconoce su impacto en el entorno donde opera.', 0),
  (11, 2, 'Existe sensibilidad hacia la calidad de vida de la comunidad local.', 0),
  (11, 3, 'El ODS 11 se considera relevante para la empresa.', 0),
  (11, 4, 'La empresa conoce el contexto social y territorial en el que se inserta.', 0),
  (11, 5, 'Se evita generar impactos negativos en el entorno cercano.', 0),
  (11, 6, 'Se promueve el uso responsable del espacio y recursos locales.', 0),
  (11, 7, 'La empresa fomenta el empleo o proveedores locales cuando es viable.', 0),
  (11, 8, 'Se tiene en cuenta la movilidad sostenible en la actividad.', 1),
  (11, 9, 'Se evalúa el impacto de la actividad en ruido, residuos o tráfico.', 1),
  (11, 10, 'La empresa participa en iniciativas locales o comunitarias.', 1),
  (11, 11, 'Se colabora con administraciones o entidades del territorio.', 1),
  (11, 12, 'La empresa apoya proyectos que mejoran el entorno local.', 1),
  (11, 13, 'Existen criterios para minimizar impactos urbanos o territoriales.', 1),
  (11, 14, 'La actividad empresarial se adapta al contexto local.', 1),
  (11, 15, 'Se utilizan indicadores para evaluar impacto territorial.', 1),
  (11, 16, 'Los resultados se revisan para mejorar la relación con la comunidad.', 1),
  (11, 17, 'Se promueve la convivencia y el respeto al entorno.', 1),
  (11, 18, 'La empresa comunica de forma responsable su relación con el territorio.', 1),
  (11, 19, 'El impacto local influye en decisiones estratégicas.', 1),
  (11, 20, 'La sostenibilidad del entorno forma parte de la visión a largo plazo.', 1);

-- Questions for ODS 12 · Producción y consumo responsables
INSERT INTO question (test_id, question_id, question_text, premium) VALUES
  (12, 1, 'La empresa calcula o controla su generación de residuos.', 0),
  (12, 2, 'Aplica la jerarquía R (reducir, reutilizar, reciclar).', 0),
  (12, 3, 'Tiene un plan de gestión de residuos con objetivos.', 0),
  (12, 4, 'Se analizan los envases utilizados y alternativas sostenibles.', 0),
  (12, 5, 'La empresa fomenta compras responsables.', 0),
  (12, 6, 'Existen cláusulas ambientales para proveedores.', 0),
  (12, 7, 'La empresa realiza análisis de ciclo de vida de productos.', 0),
  (12, 8, 'Se minimiza el uso de materiales de un solo uso.', 1),
  (12, 9, 'Se aplican soluciones de economía circular.', 1),
  (12, 10, 'La plantilla recibe formación en buenas prácticas ambientales.', 1),
  (12, 11, 'Se diferencian correctamente los residuos en las instalaciones.', 1),
  (12, 12, 'La empresa mide su huella ambiental.', 1),
  (12, 13, 'Se publican resultados ambientales anuales.', 1),
  (12, 14, 'Se evita el desperdicio alimentario (si aplica).', 1),
  (12, 15, 'Se optimiza el consumo de agua en procesos y oficinas.', 1),
  (12, 16, 'Se aplican criterios ambientales en el diseño de productos.', 1),
  (12, 17, 'Se etiquetan productos con información ambiental.', 1),
  (12, 18, 'La empresa hace campañas internas de consumo responsable.', 1),
  (12, 19, 'Se evalúa periódicamente la sostenibilidad de proveedores.', 1),
  (12, 20, 'La empresa impulsa proyectos de reducción de impacto.', 1);

-- Questions for ODS 13 · Acción por el clima
INSERT INTO question (test_id, question_id, question_text, premium) VALUES
  (13, 1, 'La empresa calcula su huella de carbono.', 0),
  (13, 2, 'Tiene un plan de reducción de emisiones.', 0),
  (13, 3, 'Se evalúan riesgos climáticos para el negocio.', 0),
  (13, 4, 'La empresa participa en programas de compensación de CO₂.', 0),
  (13, 5, 'Existe un responsable de sostenibilidad o clima.', 0),
  (13, 6, 'Se monitoriza el consumo energético en relación con las emisiones.', 0),
  (13, 7, 'La empresa forma al personal sobre cambio climático.', 0),
  (13, 8, 'Se prioriza movilidad baja en emisiones.', 1),
  (13, 9, 'Se calcula la huella de carbono de los proveedores.', 1),
  (13, 10, 'Se revisan anualmente los objetivos climáticos.', 1),
  (13, 11, 'La empresa tiene políticas de compras bajas en carbono.', 1),
  (13, 12, 'Se promueven reuniones y viajes virtuales para reducir desplazamientos.', 1),
  (13, 13, 'Se valora el impacto climático en cada decisión importante.', 1),
  (13, 14, 'La empresa publica indicadores de emisiones.', 1),
  (13, 15, 'Se evalúan alternativas para electrificación de procesos.', 1),
  (13, 16, 'Existe un plan de adaptación climática.', 1),
  (13, 17, 'La empresa participa en iniciativas climáticas sectoriales.', 1),
  (13, 18, 'Se aplican medidas para reducir emisiones en logística.', 1),
  (13, 19, 'Se fomenta la implicación de clientes y proveedores en el plan climático.', 1),
  (13, 20, 'La empresa analiza su huella hídrica y su relación con el clima.', 1);

-- Questions for ODS 14 · Vida submarina
INSERT INTO question (test_id, question_id, question_text, premium) VALUES
  (14, 1, 'La empresa reconoce la importancia de los ecosistemas acuáticos.', 0),
  (14, 2, 'Existe conciencia sobre impactos directos o indirectos en mares y ríos.', 0),
  (14, 3, 'El ODS 14 se considera relevante aunque no sea una empresa costera.', 0),
  (14, 4, 'Se evitan vertidos o prácticas que puedan contaminar aguas.', 0),
  (14, 5, 'Se minimiza el uso de plásticos y microplásticos.', 0),
  (14, 6, 'La empresa revisa su contribución a residuos acuáticos.', 0),
  (14, 7, 'Se promueve el uso responsable de envases.', 0),
  (14, 8, 'Se tienen en cuenta impactos en cadenas de suministro.', 1),
  (14, 9, 'Se colabora con proveedores que reducen contaminación acuática.', 1),
  (14, 10, 'La empresa apoya iniciativas de protección marina cuando es posible.', 1),
  (14, 11, 'Se sensibiliza al personal sobre contaminación de mares.', 1),
  (14, 12, 'Se evalúan riesgos ambientales relacionados con el agua.', 1),
  (14, 13, 'Existen responsables claros de gestión ambiental.', 1),
  (14, 14, 'Se utilizan indicadores de impacto en la vida marina.', 1),
  (14, 15, 'Los resultados se analizan para mejorar prácticas.', 1),
  (14, 16, 'La empresa evita prácticas que dañen ecosistemas acuáticos.', 1),
  (14, 17, 'Se consideran criterios ambientales en compras relacionadas con agua.', 1),
  (14, 18, 'La protección de ecosistemas se comunica con rigor.', 1),
  (14, 19, 'El cuidado de los ecosistemas influye en decisiones estratégicas.', 1),
  (14, 20, 'La protección del medio acuático forma parte de la visión a largo plazo.', 1);

-- Questions for ODS 15 · Vida de ecosistemas terrestres
INSERT INTO question (test_id, question_id, question_text, premium) VALUES
  (15, 1, 'La empresa reconoce la importancia de la biodiversidad.', 0),
  (15, 2, 'Existe conciencia sobre impactos en suelo y ecosistemas terrestres.', 0),
  (15, 3, 'El ODS 15 se considera relevante para la empresa.', 0),
  (15, 4, 'Se evita la degradación del entorno natural.', 0),
  (15, 5, 'Se minimiza la ocupación o alteración del suelo cuando es posible.', 0),
  (15, 6, 'La empresa promueve prácticas respetuosas con el territorio.', 0),
  (15, 7, 'Se consideran impactos sobre flora y fauna.', 0),
  (15, 8, 'Se colabora con proveedores con criterios ambientales.', 1),
  (15, 9, 'Se evitan materiales o prácticas de alto impacto ecológico.', 1),
  (15, 10, 'La empresa apoya iniciativas de conservación cuando es viable.', 1),
  (15, 11, 'Se sensibiliza al personal sobre biodiversidad.', 1),
  (15, 12, 'Existen responsables claros de gestión ambiental.', 1),
  (15, 13, 'Se utilizan indicadores básicos de impacto ambiental.', 1),
  (15, 14, 'Los resultados se revisan periódicamente.', 1),
  (15, 15, 'Se evitan prácticas que contribuyan a deforestación o degradación.', 1),
  (15, 16, 'Se consideran soluciones basadas en la naturaleza.', 1),
  (15, 17, 'La empresa comunica su impacto con responsabilidad.', 1),
  (15, 18, 'La biodiversidad influye en decisiones estratégicas.', 1),
  (15, 19, 'Se evalúan riesgos ambientales futuros.', 1),
  (15, 20, 'La protección del territorio forma parte de la visión a largo plazo.', 1);

-- Questions for ODS 16 · Paz, justicia e instituciones sólidas
INSERT INTO question (test_id, question_id, question_text, premium) VALUES
  (16, 1, 'La empresa reconoce la importancia de la ética empresarial.', 0),
  (16, 2, 'Existe un compromiso con la transparencia.', 0),
  (16, 3, 'Se cumplen normativas y marcos legales aplicables.', 0),
  (16, 4, 'Se evitan prácticas corruptas o poco éticas.', 0),
  (16, 5, 'Existen normas claras de conducta.', 0),
  (16, 6, 'La empresa fomenta la toma de decisiones responsable.', 0),
  (16, 7, 'Se promueve la rendición de cuentas.', 0),
  (16, 8, 'Existen canales para comunicar irregularidades.', 1),
  (16, 9, 'Se protege la confidencialidad y los derechos de las personas.', 1),
  (16, 10, 'La empresa actúa con integridad frente a clientes y proveedores.', 1),
  (16, 11, 'Se revisan riesgos legales o reputacionales.', 1),
  (16, 12, 'Existen responsables claros de gobernanza.', 1),
  (16, 13, 'Se utilizan indicadores de cumplimiento.', 1),
  (16, 14, 'Los resultados se revisan para mejorar prácticas.', 1),
  (16, 15, 'La empresa evita conflictos de interés.', 1),
  (16, 16, 'Se promueve una cultura organizativa justa.', 1),
  (16, 17, 'La comunicación externa es honesta y verificable.', 1),
  (16, 18, 'La ética influye en decisiones estratégicas.', 1),
  (16, 19, 'La empresa colabora con instituciones cuando es relevante.', 1),
  (16, 20, 'La gobernanza responsable forma parte de la visión a largo plazo.', 1);

-- Questions for ODS 17 · Alianzas para lograr los objetivos
INSERT INTO question (test_id, question_id, question_text, premium) VALUES
  (17, 1, 'La empresa reconoce el valor de la colaboración.', 0),
  (17, 2, 'Existe apertura a trabajar con otras entidades.', 0),
  (17, 3, 'El ODS 17 se considera clave para avanzar en sostenibilidad.', 0),
  (17, 4, 'La empresa identifica posibles alianzas estratégicas.', 0),
  (17, 5, 'Se colabora con proveedores de forma responsable.', 0),
  (17, 6, 'Existen relaciones estables con entidades externas.', 0),
  (17, 7, 'Se participa en redes o iniciativas sectoriales.', 0),
  (17, 8, 'La empresa colabora con administraciones o entidades sociales.', 1),
  (17, 9, 'Se comparten conocimientos o buenas prácticas.', 1),
  (17, 10, 'Las alianzas se gestionan de forma transparente.', 1),
  (17, 11, 'Se evalúa el impacto de las colaboraciones.', 1),
  (17, 12, 'Se asignan recursos a la cooperación.', 1),
  (17, 13, 'Las alianzas se alinean con valores empresariales.', 1),
  (17, 14, 'Se evitan colaboraciones meramente reputacionales.', 1),
  (17, 15, 'Se utilizan indicadores para medir impacto conjunto.', 1),
  (17, 16, 'Los resultados se revisan periódicamente.', 1),
  (17, 17, 'La empresa aprende de otras organizaciones.', 1),
  (17, 18, 'Se promueve la colaboración interna y externa.', 1),
  (17, 19, 'Las alianzas influyen en decisiones estratégicas.', 1),
  (17, 20, 'La cooperación forma parte de la visión a largo plazo.', 1);

